Workbook

Sheet Qatar 2022
A1: POSICIÓN | C1: TOTALES
D2: 44885 | G2: 44886 | J2: 44886 | M2: 44886 | P2: 44887 | S2: 44887 | V2: 44887 | Y2: 44887 | AB2: 44888 | AE2: 44888 | AH2: 44888 | AK2: 44888 | AN2: 44889 | AQ2: 44889 | AT2: 44889 | AW2: 44889 | AZ2: 44890 | BC2: 44890 | BF2: 44890 | BI2: 44890 | BL2: 44891 | BO2: 44891 | BR2: 44891 | BU2: 44891 | BX2: 44892 | CA2: 44892 | CD2: 44892 | CG2: 44892 | CJ2: 44893 | CM2: 44893 | CP2: 44893 | CS2: 44893 | CV2: 44894 | CY2: 44894 | DB2: 44894 | DE2: 44894 | DH2: 44895 | DK2: 44895 | DN2: 44895 | DQ2: 44895 | DT2: 44896 | DW2: 44896 | DZ2: 44896 | EC2: 44896 | EF2: 44897 | EI2: 44897 | EL2: 44897 | EO2: 44897
D3: 0.5 | G3: 0.5 | J3: 0.375 | M3: 0.625 | P3: 0.25 | S3: 0.5 | V3: 0.375 | Y3: 0.625 | AB3: 0.375 | AE3: 0.5 | AH3: 0.25 | AK3: 0.625 | AN3: 0.25 | AQ3: 0.625 | AT3: 0.375 | AW3: 0.5 | AZ3: 0.375 | BC3: 0.5 | BF3: 0.25 | BI3: 0.625 | BL3: 0.375 | BO3: 0.625 | BR3: 0.25 | BU3: 0.5 | BX3: 0.25 | CA3: 0.625 | CD3: 0.375 | CG3: 0.5 | CJ3: 0.25 | CM3: 0.5 | CP3: 0.375 | CS3: 0.625 | CV3: 0.45833333 | CY3: 0.45833333 | DB3: 0.625 | DE3: 0.625 | DH3: 0.625 | DK3: 0.625 | DN3: 0.45833333 | DQ3: 0.45833333 | DT3: 0.625 | DW3: 0.625 | DZ3: 0.45833333 | EC3: 0.45833333 | EF3: 0.625 | EI3: 0.625 | EL3: 0.45833333 | EO3: 0.45833333
D5: =Clasificados!C4 -> QATAR | E5: =Clasificados!C5 -> ECUADOR | F5: PUNTOS | G5: =Clasificados!C6 -> SENEGAL | H5: =Clasificados!C7 -> PAISES BAJOS | I5: PUNTOS | J5: =Clasificados!H4 -> INGLATERRA | K5: =Clasificados!H5 -> IRÁN | L5: PUNTOS | M5: =Clasificados!H6 -> ESTADOS UNIDOS | N5: =Clasificados!H7 -> GALES | O5: PUNTOS | P5: =Clasificados!C10 -> ARGENTINA | Q5: =Clasificados!C11 -> ARABIA SAUDITA | R5: PUNTOS | S5: =Clasificados!C12 -> MÉXICO | T5: =Clasificados!C13 -> POLONIA | U5: PUNTOS | V5: =Clasificados!H10 -> DINAMARCA | W5: =Clasificados!H11 -> TÚNEZ | X5: PUNTOS | Y5: =Clasificados!H12 -> FRANCIA | Z5: =Clasificados!H13 -> AUSTRALIA | AA5: PUNTOS | AB5: =Clasificados!C16 -> ALEMANIA | AC5: =Clasificados!C17 -> JAPÓN | AD5: PUNTOS | AE5: =Clasificados!C18 -> ESPAÑA | AF5: =Clasificados!C19 -> COSTA RICA | AG5: PUNTOS | AH5: =Clasificados!H16 -> MARRUECOS | AI5: =Clasificados!H17 -> CROACIA | AJ5: PUNTOS | AK5: =Clasificados!H18 -> BÉLGICA | AL5: =Clasificados!H19 -> CANADÁ | AM5: PUNTOS | AN5: =Clasificados!C22 -> SUIZA | AO5: =Clasificados!C23 -> CAMERÚN | AP5: PUNTOS | AQ5: =Clasificados!C24 -> BRASIL | AR5: =Clasificados!C25 -> SERBIA | AS5: PUNTOS | AT5: =Clasificados!H22 -> URUGUAY | AU5: =Clasificados!H23 -> COREA DEL SUR | AV5: PUNTOS | AW5: =Clasificados!H24 -> PORTUGAL | AX5: =Clasificados!H25 -> GHANA | AY5: PUNTOS | AZ5: =D5 -> QATAR | BA5: =G5 -> SENEGAL | BB5: PUNTOS | BC5: =H5 -> PAISES BAJOS | BD5: =E5 -> ECUADOR | BE5: PUNTOS | BF5: =N5 -> GALES | BG5: =K5 -> IRÁN | BH5: PUNTOS | BI5: =J5 -> INGLATERRA | BJ5: =M5 -> ESTADOS UNIDOS | BK5: PUNTOS | BL5: =T5 -> POLONIA | BM5: =Q5 -> ARABIA SAUDITA | BN5: PUNTOS | BO5: =P5 -> ARGENTINA | BP5: =S5 -> MÉXICO | BQ5: PUNTOS | BR5: =W5 -> TÚNEZ | BS5: =Z5 -> AUSTRALIA | BT5: PUNTOS | BU5: =Y5 -> FRANCIA | BV5: =V5 -> DINAMARCA | BW5: PUNTOS | BX5: =AC5 -> JAPÓN | BY5: =AF5 -> COSTA RICA | BZ5: PUNTOS | CA5: =AE5 -> ESPAÑA | CB5: =AB5 -> ALEMANIA | CC5: PUNTOS | CD5: =AK5 -> BÉLGICA | CE5: =AH5 -> MARRUECOS | CF5: PUNTOS | CG5: =AI5 -> CROACIA | CH5: =AL5 -> CANADÁ | CI5: PUNTOS | CJ5: =AO5 -> CAMERÚN | CK5: =AR5 -> SERBIA | CL5: PUNTOS | CM5: =AQ5 -> BRASIL | CN5: =AN5 -> SUIZA | CO5: PUNTOS | CP5: =AU5 -> COREA DEL SUR | CQ5: =AX5 -> GHANA | CR5: PUNTOS | CS5: =AW5 -> PORTUGAL | CT5: =AT5 -> URUGUAY | CU5: PUNTOS | CV5: =E5 -> ECUADOR | CW5: =G5 -> SENEGAL | CX5: PUNTOS | CY5: =H5 -> PAISES BAJOS | CZ5: =D5 -> QATAR | DA5: PUNTOS | DB5: =N5 -> GALES | DC5: =J5 -> INGLATERRA | DD5: PUNTOS | DE5: =K5 -> IRÁN | DF5: =M5 -> ESTADOS UNIDOS | DG5: PUNTOS | DH5: =Q5 -> ARABIA SAUDITA | DI5: =S5 -> MÉXICO | DJ5: PUNTOS | DK5: =T5 -> POLONIA | DL5: =P5 -> ARGENTINA | DM5: PUNTOS | DN5: =W5 -> TÚNEZ | DO5: =Y5 -> FRANCIA | DP5: PUNTOS | DQ5: =Z5 -> AUSTRALIA | DR5: =V5 -> DINAMARCA | DS5: PUNTOS | DT5: =AC5 -> JAPÓN | DU5: =AE5 -> ESPAÑA | DV5: PUNTOS | DW5: =AF5 -> COSTA RICA | DX5: =AB5 -> ALEMANIA | DY5: PUNTOS | DZ5: =AI5 -> CROACIA | EA5: =AK5 -> BÉLGICA | EB5: PUNTOS | EC5: =AL5 -> CANADÁ | ED5: =AH5 -> MARRUECOS | EE5: PUNTOS | EF5: =AR5 -> SERBIA | EG5: =AN5 -> SUIZA | EH5: PUNTOS | EI5: =AO5 -> CAMERÚN | EJ5: =AQ5 -> BRASIL | EK5: PUNTOS | EL5: =AU5 -> COREA DEL SUR | EM5: =AW5 -> PORTUGAL | EN5: PUNTOS | EO5: =AX5 -> GHANA | EP5: =AT5 -> URUGUAY | EQ5: PUNTOS | ER5: TOTAL
D6: GRUPO A | J6: GRUPO B | P6: GRUPO C | V6: GRUPO D | AB6: GRUPO E | AH6: GRUPO F | AN6: GRUPO G | AT6: GRUPO H | AZ6: GRUPO A | BF6: GRUPO B | BL6: GRUPO C | BR6: GRUPO D | BX6: GRUPO E | CD6: GRUPO F | CJ6: GRUPO G | CP6: GRUPO H | CV6: GRUPO A | DB6: GRUPO B | DH6: GRUPO C | DN6: GRUPO D | DT6: GRUPO E | DZ6: GRUPO F | EF6: GRUPO G | EL6: GRUPO H
C7: =ER7 -> 21 | D7: =IF(AND(D8="",E8=""),"No Jugado",IF(D8>E8,D5,(IF(D8=E8,"Empate",E5)))) -> ECUADOR | F7: =IF(AND(D$8="",E$8=""),0,IF(AND(D$8=D7,E$8=E7),5,IF(AND(D$8=E$8,D7=E7),3,IF(AND(D$8>E$8,D7>E7),3,IF(AND(D$8<E$8,D7<E7),3,0))))) -> 0 | G7: =IF(AND(G8="",H8=""),"No Jugado",IF(G8>H8,G5,(IF(G8=H8,"Empate",H5)))) -> PAISES BAJOS | I7: =IF(AND(G$8="",H$8=""),0,IF(AND(G$8=G7,H$8=H7),5,IF(AND(G$8=H$8,G7=H7),3,IF(AND(G$8>H$8,G7>H7),3,IF(AND(G$8<H$8,G7<H7),3,0))))) -> 0 | J7: =IF(AND(J8="",K8=""),"No Jugado",IF(J8>K8,J5,(IF(J8=K8,"Empate",K5)))) -> INGLATERRA | L7: =IF(AND(J$8="",K$8=""),0,IF(AND(J$8=J7,K$8=K7),5,IF(AND(J$8=K$8,J7=K7),3,IF(AND(J$8>K$8,J7>K7),3,IF(AND(J$8<K$8,J7<K7),3,0))))) -> 3 | M7: =IF(AND(M8="",N8=""),"No Jugado",IF(M8>N8,M5,(IF(M8=N8,"Empate",N5)))) -> Empate | O7: =IF(AND(M$8="",N$8=""),0,IF(AND(M$8=M7,N$8=N7),5,IF(AND(M$8=N$8,M7=N7),3,IF(AND(M$8>N$8,M7>N7),3,IF(AND(M$8<N$8,M7<N7),3,0))))) -> 0 | P7: =IF(AND(P8="",Q8=""),"No Jugado",IF(P8>Q8,P5,(IF(P8=Q8,"Empate",Q5)))) -> ARABIA SAUDITA | R7: =IF(AND(P$8="",Q$8=""),0,IF(AND(P$8=P7,Q$8=Q7),5,IF(AND(P$8=Q$8,P7=Q7),3,IF(AND(P$8>Q$8,P7>Q7),3,IF(AND(P$8<Q$8,P7<Q7),3,0))))) -> 0 | S7: =IF(AND(S8="",S8=""),"No Jugado",IF(S8>T8,S5,(IF(S8=T8,"Empate",T5)))) -> Empate | U7: =IF(AND(S$8="",T$8=""),0,IF(AND(S$8=S7,T$8=T7),5,IF(AND(S$8=T$8,S7=T7),3,IF(AND(S$8>T$8,S7>T7),3,IF(AND(S$8<T$8,S7<T7),3,0))))) -> 0 | V7: =IF(AND(V8="",W8=""),"No Jugado",IF(V8>W8,V5,(IF(V8=W8,"Empate",W5)))) -> Empate | X7: =IF(AND(V$8="",W$8=""),0,IF(AND(V$8=V7,W$8=W7),5,IF(AND(V$8=W$8,V7=W7),3,IF(AND(V$8>W$8,V7>W7),3,IF(AND(V$8<W$8,V7<W7),3,0))))) -> 0 | Y7: =IF(AND(Y8="",Z8=""),"No Jugado",IF(Y8>Z8,Y5,(IF(Y8=Z8,"Empate",Z5)))) -> FRANCIA | AA7: =IF(AND(Y$8="",Z$8=""),0,IF(AND(Y$8=Y7,Z$8=Z7),5,IF(AND(Y$8=Z$8,Y7=Z7),3,IF(AND(Y$8>Z$8,Y7>Z7),3,IF(AND(Y$8<Z$8,Y7<Z7),3,0))))) -> 3 | AB7: =IF(AND(AB8="",AC8=""),"No Jugado",IF(AB8>AC8,AB5,(IF(AB8=AC8,"Empate",AC5)))) -> JAPÓN | AD7: =IF(AND(AB$8="",AC$8=""),0,IF(AND(AB$8=AB7,AC$8=AC7),5,IF(AND(AB$8=AC$8,AB7=AC7),3,IF(AND(AB$8>AC$8,AB7>AC7),3,IF(AND(AB$8<AC$8,AB7<AC7),3,0))))) -> 0 | AE7: =IF(AND(AE8="",AF8=""),"No Jugado",IF(AE8>AF8,AE5,(IF(AE8=AF8,"Empate",AF5)))) -> ESPAÑA | AG7: =IF(AND(AE$8="",AF$8=""),0,IF(AND(AE$8=AE7,AF$8=AF7),5,IF(AND(AE$8=AF$8,AE7=AF7),3,IF(AND(AE$8>AF$8,AE7>AF7),3,IF(AND(AE$8<AF$8,AE7<AF7),3,0))))) -> 3 | AH7: =IF(AND(AH8="",AI8=""),"No Jugado",IF(AH8>AI8,AH5,(IF(AH8=AI8,"Empate",AI5)))) -> Empate | AJ7: =IF(AND(AH$8="",AI$8=""),0,IF(AND(AH$8=AH7,AI$8=AI7),5,IF(AND(AH$8=AI$8,AH7=AI7),3,IF(AND(AH$8>AI$8,AH7>AI7),3,IF(AND(AH$8<AI$8,AH7<AI7),3,0))))) -> 0 | AK7: =IF(AND(AK8="",AL8=""),"No Jugado",IF(AK8>AL8,AK5,(IF(AK8=AL8,"Empate",AL5)))) -> BÉLGICA | AM7: =IF(AND(AK$8="",AL$8=""),0,IF(AND(AK$8=AK7,AL$8=AL7),5,IF(AND(AK$8=AL$8,AK7=AL7),3,IF(AND(AK$8>AL$8,AK7>AL7),3,IF(AND(AK$8<AL$8,AK7<AL7),3,0))))) -> 3 | AN7: =IF(AND(AN8="",AO8=""),"No Jugado",IF(AN8>AO8,AN5,(IF(AN8=AO8,"Empate",AO5)))) -> SUIZA | AP7: =IF(AND(AN$8="",AO$8=""),0,IF(AND(AN$8=AN7,AO$8=AO7),5,IF(AND(AN$8=AO$8,AN7=AO7),3,IF(AND(AN$8>AO$8,AN7>AO7),3,IF(AND(AN$8<AO$8,AN7<AO7),3,0))))) -> 3 | AQ7: =IF(AND(AQ8="",AR8=""),"No Jugado",IF(AQ8>AR8,AQ5,(IF(AQ8=AR8,"Empate",AR5)))) -> BRASIL | AS7: =IF(AND(AQ$8="",AR$8=""),0,IF(AND(AQ$8=AQ7,AR$8=AR7),5,IF(AND(AQ$8=AR$8,AQ7=AR7),3,IF(AND(AQ$8>AR$8,AQ7>AR7),3,IF(AND(AQ$8<AR$8,AQ7<AR7),3,0))))) -> 3 | AT7: =IF(AND(AT8="",AU8=""),"No Jugado",IF(AT8>AU8,AT5,(IF(AT8=AU8,"Empate",AU5)))) -> Empate | AV7: =IF(AND(AT$8="",AU$8=""),0,IF(AND(AT$8=AT7,AU$8=AU7),5,IF(AND(AT$8=AU$8,AT7=AU7),3,IF(AND(AT$8>AU$8,AT7>AU7),3,IF(AND(AT$8<AU$8,AT7<AU7),3,0))))) -> 0 | AW7: =IF(AND(AW8="",AX8=""),"No Jugado",IF(AW8>AX8,AW5,(IF(AW8=AX8,"Empate",AX5)))) -> PORTUGAL | AY7: =IF(AND(AW$8="",AX$8=""),0,IF(AND(AW$8=AW7,AX$8=AX7),5,IF(AND(AW$8=AX$8,AW7=AX7),3,IF(AND(AW$8>AX$8,AW7>AX7),3,IF(AND(AW$8<AX$8,AW7<AX7),3,0))))) -> 3 | AZ7: =IF(AND(AZ8="",BA8=""),"No Jugado",IF(AZ8>BA8,AZ5,(IF(AZ8=BA8,"Empate",BA5)))) -> SENEGAL | BB7: =IF(AND(AZ$8="",BA$8=""),0,IF(AND(AZ$8=AZ7,BA$8=BA7),5,IF(AND(AZ$8=BA$8,AZ7=BA7),3,IF(AND(AZ$8>BA$8,AZ7>BA7),3,IF(AND(AZ$8<BA$8,AZ7<BA7),3,0))))) -> 0 | BC7: =IF(AND(BC8="",BD8=""),"No Jugado",IF(BC8>BD8,BC5,(IF(BC8=BD8,"Empate",BD5)))) -> No Jugado | BE7: =IF(AND(BC$8="",BD$8=""),0,IF(AND(BC$8=BC7,BD$8=BD7),5,IF(AND(BC$8=BD$8,BC7=BD7),3,IF(AND(BC$8>BD$8,BC7>BD7),3,IF(AND(BC$8<BD$8,BC7<BD7),3,0))))) -> 0 | BF7: =IF(AND(BF8="",BG8=""),"No Jugado",IF(BF8>BG8,BF5,(IF(BF8=BG8,"Empate",BG5)))) -> IRÁN | BH7: =IF(AND(BF$8="",BG$8=""),0,IF(AND(BF$8=BF7,BG$8=BG7),5,IF(AND(BF$8=BG$8,BF7=BG7),3,IF(AND(BF$8>BG$8,BF7>BG7),3,IF(AND(BF$8<BG$8,BF7<BG7),3,0))))) -> 0 | BI7: =IF(AND(BI8="",BJ8=""),"No Jugado",IF(BI8>BJ8,BI5,(IF(BI8=BJ8,"Empate",BJ5)))) -> No Jugado | BK7: =IF(AND(BI$8="",BJ$8=""),0,IF(AND(BI$8=BI7,BJ$8=BJ7),5,IF(AND(BI$8=BJ$8,BI7=BJ7),3,IF(AND(BI$8>BJ$8,BI7>BJ7),3,IF(AND(BI$8<BJ$8,BI7<BJ7),3,0))))) -> 0 | BL7: =IF(AND(BL8="",BM8=""),"No Jugado",IF(BL8>BM8,BL5,(IF(BL8=BM8,"Empate",BM5)))) -> No Jugado | BN7: =IF(AND(BL$8="",BM$8=""),0,IF(AND(BL$8=BL7,BM$8=BM7),5,IF(AND(BL$8=BM$8,BL7=BM7),3,IF(AND(BL$8>BM$8,BL7>BM7),3,IF(AND(BL$8<BM$8,BL7<BM7),3,0))))) -> 0 | BO7: =IF(AND(BO8="",BP8=""),"No Jugado",IF(BO8>BP8,BO5,(IF(BO8=BP8,"Empate",BP5)))) -> No Jugado | BQ7: =IF(AND(BO$8="",BP$8=""),0,IF(AND(BO$8=BO7,BP$8=BP7),5,IF(AND(BO$8=BP$8,BO7=BP7),3,IF(AND(BO$8>BP$8,BO7>BP7),3,IF(AND(BO$8<BP$8,BO7<BP7),3,0))))) -> 0 | BR7: =IF(AND(BR8="",BS8=""),"No Jugado",IF(BR8>BS8,BR5,(IF(BR8=BS8,"Empate",BS5)))) -> No Jugado | BU7: =IF(AND(BU8="",BV8=""),"No Jugado",IF(BU8>BV8,BU5,(IF(BU8=BV8,"Empate",BV5)))) -> No Jugado | BW7: =IF(AND(BU$8="",BV$8=""),0,IF(AND(BU$8=BU7,BV$8=BV7),5,IF(AND(BU$8=BV$8,BU7=BV7),3,IF(AND(BU$8>BV$8,BU7>BV7),3,IF(AND(BU$8<BV$8,BU7<BV7),3,0))))) -> 0 | BX7: =IF(AND(BX8="",BY8=""),"No Jugado",IF(BX8>BY8,BX5,(IF(BX8=BY8,"Empate",BY5)))) -> No Jugado | BZ7: =IF(AND(BX$8="",BY$8=""),0,IF(AND(BX$8=BX7,BY$8=BY7),5,IF(AND(BX$8=BY$8,BX7=BY7),3,IF(AND(BX$8>BY$8,BX7>BY7),3,IF(AND(BX$8<BY$8,BX7<BY7),3,0))))) -> 0 | CA7: =IF(AND(CA8="",CB8=""),"No Jugado",IF(CA8>CB8,CA5,(IF(CA8=CB8,"Empate",CB5)))) -> No Jugado | CC7: =IF(AND(CA$8="",CB$8=""),0,IF(AND(CA$8=CA7,CB$8=CB7),5,IF(AND(CA$8=CB$8,CA7=CB7),3,IF(AND(CA$8>CB$8,CA7>CB7),3,IF(AND(CA$8<CB$8,CA7<CB7),3,0))))) -> 0 | CD7: =IF(AND(CD8="",CE8=""),"No Jugado",IF(CD8>CE8,CD5,(IF(CD8=CE8,"Empate",CE5)))) -> No Jugado | CF7: =IF(AND(CD$8="",CE$8=""),0,IF(AND(CD$8=CD7,CE$8=CE7),5,IF(AND(CD$8=CE$8,CD7=CE7),3,IF(AND(CD$8>CE$8,CD7>CE7),3,IF(AND(CD$8<CE$8,CD7<CE7),3,0))))) -> 0 | CG7: =IF(AND(CG8="",CH8=""),"No Jugado",IF(CG8>CH8,CG5,(IF(CG8=CH8,"Empate",CH5)))) -> No Jugado | CI7: =IF(AND(CG$8="",CH$8=""),0,IF(AND(CG$8=CG7,CH$8=CH7),5,IF(AND(CG$8=CH$8,CG7=CH7),3,IF(AND(CG$8>CH$8,CG7>CH7),3,IF(AND(CG$8<CH$8,CG7<CH7),3,0))))) -> 0 | CJ7: =IF(AND(CJ8="",CK8=""),"No Jugado",IF(CJ8>CK8,CJ5,(IF(CJ8=CK8,"Empate",CK5)))) -> No Jugado | CL7: =IF(AND(CJ$8="",CK$8=""),0,IF(AND(CJ$8=CJ7,CK$8=CK7),5,IF(AND(CJ$8=CK$8,CJ7=CK7),3,IF(AND(CJ$8>CK$8,CJ7>CK7),3,IF(AND(CJ$8<CK$8,CJ7<CK7),3,0))))) -> 0 | CM7: =IF(AND(CM8="",CN8=""),"No Jugado",IF(CM8>CN8,CM5,(IF(CM8=CN8,"Empate",CN5)))) -> No Jugado | CO7: =IF(AND(CM$8="",CN$8=""),0,IF(AND(CM$8=CM7,CN$8=CN7),5,IF(AND(CM$8=CN$8,CM7=CN7),3,IF(AND(CM$8>CN$8,CM7>CN7),3,IF(AND(CM$8<CN$8,CM7<CN7),3,0))))) -> 0 | CP7: =IF(AND(CP8="",CQ8=""),"No Jugado",IF(CP8>CQ8,CP5,(IF(CP8=CQ8,"Empate",CQ5)))) -> No Jugado | CR7: =IF(AND(CP$8="",CQ$8=""),0,IF(AND(CP$8=CP7,CQ$8=CQ7),5,IF(AND(CP$8=CQ$8,CP7=CQ7),3,IF(AND(CP$8>CQ$8,CP7>CQ7),3,IF(AND(CP$8<CQ$8,CP7<CQ7),3,0))))) -> 0 | CS7: =IF(AND(CS8="",CT8=""),"No Jugado",IF(CS8>CT8,CS5,(IF(CS8=CT8,"Empate",CT5)))) -> No Jugado | CU7: =IF(AND(CS$8="",CT$8=""),0,IF(AND(CS$8=CS7,CT$8=CT7),5,IF(AND(CS$8=CT$8,CS7=CT7),3,IF(AND(CS$8>CT$8,CS7>CT7),3,IF(AND(CS$8<CT$8,CS7<CT7),3,0))))) -> 0 | CV7: =IF(AND(CV8="",CW8=""),"No Jugado",IF(CV8>CW8,CV5,(IF(CV8=CW8,"Empate",CW5)))) -> No Jugado | CX7: =IF(AND(CV$8="",CW$8=""),0,IF(AND(CV$8=CV7,CW$8=CW7),5,IF(AND(CV$8=CW$8,CV7=CW7),3,IF(AND(CV$8>CW$8,CV7>CW7),3,IF(AND(CV$8<CW$8,CV7<CW7),3,0))))) -> 0 | CY7: =IF(AND(CY8="",CZ8=""),"No Jugado",IF(CY8>CZ8,CY5,(IF(CY8=CZ8,"Empate",CZ5)))) -> No Jugado | DA7: =IF(AND(CY$8="",CZ$8=""),0,IF(AND(CY$8=CY7,CZ$8=CZ7),5,IF(AND(CY$8=CZ$8,CY7=CZ7),3,IF(AND(CY$8>CZ$8,CY7>CZ7),3,IF(AND(CY$8<CZ$8,CY7<CZ7),3,0))))) -> 0 | DB7: =IF(AND(DB8="",DC8=""),"No Jugado",IF(DB8>DC8,DB5,(IF(DB8=DC8,"Empate",DC5)))) -> No Jugado | DD7: =IF(AND(DB$8="",DC$8=""),0,IF(AND(DB$8=DB7,DC$8=DC7),5,IF(AND(DB$8=DC$8,DB7=DC7),3,IF(AND(DB$8>DC$8,DB7>DC7),3,IF(AND(DB$8<DC$8,DB7<DC7),3,0))))) -> 0 | DE7: =IF(AND(DE8="",DF8=""),"No Jugado",IF(DE8>DF8,DE5,(IF(DE8=DF8,"Empate",DF5)))) -> No Jugado | DG7: =IF(AND(DE$8="",DF$8=""),0,IF(AND(DE$8=DE7,DF$8=DF7),5,IF(AND(DE$8=DF$8,DE7=DF7),3,IF(AND(DE$8>DF$8,DE7>DF7),3,IF(AND(DE$8<DF$8,DE7<DF7),3,0))))) -> 0 | DH7: =IF(AND(DH8="",DI8=""),"No Jugado",IF(DH8>DI8,DH5,(IF(DH8=DI8,"Empate",DI5)))) -> No Jugado | DJ7: =IF(AND(DH$8="",DI$8=""),0,IF(AND(DH$8=DH7,DI$8=DI7),5,IF(AND(DH$8=DI$8,DH7=DI7),3,IF(AND(DH$8>DI$8,DH7>DI7),3,IF(AND(DH$8<DI$8,DH7<DI7),3,0))))) -> 0 | DK7: =IF(AND(DK8="",DL8=""),"No Jugado",IF(DK8>DL8,DK5,(IF(DK8=DL8,"Empate",DL5)))) -> No Jugado | DM7: =IF(AND(DK$8="",DL$8=""),0,IF(AND(DK$8=DK7,DL$8=DL7),5,IF(AND(DK$8=DL$8,DK7=DL7),3,IF(AND(DK$8>DL$8,DK7>DL7),3,IF(AND(DK$8<DL$8,DK7<DL7),3,0))))) -> 0 | DN7: =IF(AND(DN8="",DO8=""),"No Jugado",IF(DN8>DO8,DN5,(IF(DN8=DO8,"Empate",DO5)))) -> No Jugado | DP7: =IF(AND(DN$8="",DO$8=""),0,IF(AND(DN$8=DN7,DO$8=DO7),5,IF(AND(DN$8=DO$8,DN7=DO7),3,IF(AND(DN$8>DO$8,DN7>DO7),3,IF(AND(DN$8<DO$8,DN7<DO7),3,0))))) -> 0 | DQ7: =IF(AND(DQ8="",DR8=""),"No Jugado",IF(DQ8>DR8,DQ5,(IF(DQ8=DR8,"Empate",DR5)))) -> No Jugado | DS7: =IF(AND(DQ$8="",DR$8=""),0,IF(AND(DQ$8=DQ7,DR$8=DR7),5,IF(AND(DQ$8=DR$8,DQ7=DR7),3,IF(AND(DQ$8>DR$8,DQ7>DR7),3,IF(AND(DQ$8<DR$8,DQ7<DR7),3,0))))) -> 0 | DT7: =IF(AND(DT8="",DU8=""),"No Jugado",IF(DT8>DU8,DT5,(IF(DT8=DU8,"Empate",DU5)))) -> No Jugado | DV7: =IF(AND(DT$8="",DU$8=""),0,IF(AND(DT$8=DT7,DU$8=DU7),5,IF(AND(DT$8=DU$8,DT7=DU7),3,IF(AND(DT$8>DU$8,DT7>DU7),3,IF(AND(DT$8<DU$8,DT7<DU7),3,0))))) -> 0 | DW7: =IF(AND(DW8="",DX8=""),"No Jugado",IF(DW8>DX8,DW5,(IF(DW8=DX8,"Empate",DX5)))) -> No Jugado | DY7: =IF(AND(DW$8="",DX$8=""),0,IF(AND(DW$8=DW7,DX$8=DX7),5,IF(AND(DW$8=DX$8,DW7=DX7),3,IF(AND(DW$8>DX$8,DW7>DX7),3,IF(AND(DW$8<DX$8,DW7<DX7),3,0))))) -> 0 | DZ7: =IF(AND(DZ8="",EA8=""),"No Jugado",IF(DZ8>EA8,DZ5,(IF(DZ8=EA8,"Empate",EA5)))) -> No Jugado | EB7: =IF(AND(DZ$8="",EA$8=""),0,IF(AND(DZ$8=DZ7,EA$8=EA7),5,IF(AND(DZ$8=EA$8,DZ7=EA7),3,IF(AND(DZ$8>EA$8,DZ7>EA7),3,IF(AND(DZ$8<EA$8,DZ7<EA7),3,0))))) -> 0 | EC7: =IF(AND(EC8="",ED8=""),"No Jugado",IF(EC8>ED8,EC5,(IF(EC8=ED8,"Empate",ED5)))) -> No Jugado | EE7: =IF(AND(EC$8="",ED$8=""),0,IF(AND(EC$8=EC7,ED$8=ED7),5,IF(AND(EC$8=ED$8,EC7=ED7),3,IF(AND(EC$8>ED$8,EC7>ED7),3,IF(AND(EC$8<ED$8,EC7<ED7),3,0))))) -> 0 | EF7: =IF(AND(EF8="",EG8=""),"No Jugado",IF(EF8>EG8,EF5,(IF(EF8=EG8,"Empate",EG5)))) -> No Jugado | EH7: =IF(AND(EF$8="",EG$8=""),0,IF(AND(EF$8=EF7,EG$8=EG7),5,IF(AND(EF$8=EG$8,EF7=EG7),3,IF(AND(EF$8>EG$8,EF7>EG7),3,IF(AND(EF$8<EG$8,EF7<EG7),3,0))))) -> 0 | EI7: =IF(AND(EI8="",EJ8=""),"No Jugado",IF(EI8>EJ8,EI5,(IF(EI8=EJ8,"Empate",EJ5)))) -> No Jugado | EK7: =IF(AND(EI$8="",EJ$8=""),0,IF(AND(EI$8=EI7,EJ$8=EJ7),5,IF(AND(EI$8=EJ$8,EI7=EJ7),3,IF(AND(EI$8>EJ$8,EI7>EJ7),3,IF(AND(EI$8<EJ$8,EI7<EJ7),3,0))))) -> 0 | EL7: =IF(AND(EL8="",EM8=""),"No Jugado",IF(EL8>EM8,EL5,(IF(EL8=EM8,"Empate",EM5)))) -> No Jugado | EN7: =IF(AND(EL$8="",EM$8=""),0,IF(AND(EL$8=EL7,EM$8=EM7),5,IF(AND(EL$8=EM$8,EL7=EM7),3,IF(AND(EL$8>EM$8,EL7>EM7),3,IF(AND(EL$8<EM$8,EL7<EM7),3,0))))) -> 0 | EO7: =IF(AND(EO8="",EP8=""),"No Jugado",IF(EO8>EP8,EO5,(IF(EO8=EP8,"Empate",EP5)))) -> No Jugado | EQ7: =IF(AND(CS$8="",CT$8=""),0,IF(AND(CS$8=CS7,CT$8=CT7),5,IF(AND(CS$8=CT$8,CS7=CT7),3,IF(AND(CS$8>CT$8,CS7>CT7),3,IF(AND(CS$8<CT$8,CS7<CT7),3,0))))) -> 0 | ER7: =F7+I7+L7+O7+R7+U7+X7+AA7+AD7+AG7+AJ7+AM7+AP7+AS7+AV7+AY7 -> 21
C8: =ER8 -> 80 | D8: 0 | E8: 2 | F8: =IF(AND(D$8="",E$8=""),0,IF(AND(D$8=D8,E$8=E8),5,IF(AND(D$8=E$8,D8=E8),3,IF(AND(D$8>E$8,D8>E8),3,IF(AND(D$8<E$8,D8<E8),3,0))))) -> 5 | G8: 0 | H8: 2 | I8: =IF(AND(G$8="",H$8=""),0,IF(AND(G$8=G8,H$8=H8),5,IF(AND(G$8=H$8,G8=H8),3,IF(AND(G$8>H$8,G8>H8),3,IF(AND(G$8<H$8,G8<H8),3,0))))) -> 5 | J8: 6 | K8: 2 | L8: =IF(AND(J$8="",K$8=""),0,IF(AND(J$8=J8,K$8=K8),5,IF(AND(J$8=K$8,J8=K8),3,IF(AND(J$8>K$8,J8>K8),3,IF(AND(J$8<K$8,J8<K8),3,0))))) -> 5 | M8: 1 | N8: 1 | O8: =IF(AND(M$8="",N$8=""),0,IF(AND(M$8=M8,N$8=N8),5,IF(AND(M$8=N$8,M8=N8),3,IF(AND(M$8>N$8,M8>N8),3,IF(AND(M$8<N$8,M8<N8),3,0))))) -> 5 | P8: 1 | Q8: 2 | R8: =IF(AND(P$8="",Q$8=""),0,IF(AND(P$8=P8,Q$8=Q8),5,IF(AND(P$8=Q$8,P8=Q8),3,IF(AND(P$8>Q$8,P8>Q8),3,IF(AND(P$8<Q$8,P8<Q8),3,0))))) -> 5 | S8: 0 | T8: 0 | U8: =IF(AND(S$8="",T$8=""),0,IF(AND(S$8=S8,T$8=T8),5,IF(AND(S$8=T$8,S8=T8),3,IF(AND(S$8>T$8,S8>T8),3,IF(AND(S$8<T$8,S8<T8),3,0))))) -> 5 | V8: 0 | W8: 0 | X8: =IF(AND(V$8="",W$8=""),0,IF(AND(V$8=V8,W$8=W8),5,IF(AND(V$8=W$8,V8=W8),3,IF(AND(V$8>W$8,V8>W8),3,IF(AND(V$8<W$8,V8<W8),3,0))))) -> 5 | Y8: 4 | Z8: 1 | AA8: =IF(AND(Y$8="",Z$8=""),0,IF(AND(Y$8=Y8,Z$8=Z8),5,IF(AND(Y$8=Z$8,Y8=Z8),3,IF(AND(Y$8>Z$8,Y8>Z8),3,IF(AND(Y$8<Z$8,Y8<Z8),3,0))))) -> 5 | AB8: 1 | AC8: 2 | AD8: =IF(AND(AB$8="",AC$8=""),0,IF(AND(AB$8=AB8,AC$8=AC8),5,IF(AND(AB$8=AC$8,AB8=AC8),3,IF(AND(AB$8>AC$8,AB8>AC8),3,IF(AND(AB$8<AC$8,AB8<AC8),3,0))))) -> 5 | AE8: 5 | AF8: 0 | AG8: =IF(AND(AE$8="",AF$8=""),0,IF(AND(AE$8=AE8,AF$8=AF8),5,IF(AND(AE$8=AF$8,AE8=AF8),3,IF(AND(AE$8>AF$8,AE8>AF8),3,IF(AND(AE$8<AF$8,AE8<AF8),3,0))))) -> 5 | AH8: 0 | AI8: 0 | AJ8: =IF(AND(AH$8="",AI$8=""),0,IF(AND(AH$8=AH8,AI$8=AI8),5,IF(AND(AH$8=AI$8,AH8=AI8),3,IF(AND(AH$8>AI$8,AH8>AI8),3,IF(AND(AH$8<AI$8,AH8<AI8),3,0))))) -> 5 | AK8: 1 | AL8: 0 | AM8: =IF(AND(AK$8="",AL$8=""),0,IF(AND(AK$8=AK8,AL$8=AL8),5,IF(AND(AK$8=AL$8,AK8=AL8),3,IF(AND(AK$8>AL$8,AK8>AL8),3,IF(AND(AK$8<AL$8,AK8<AL8),3,0))))) -> 5 | AN8: 1 | AO8: 0 | AP8: =IF(AND(AN$8="",AO$8=""),0,IF(AND(AN$8=AN8,AO$8=AO8),5,IF(AND(AN$8=AO$8,AN8=AO8),3,IF(AND(AN$8>AO$8,AN8>AO8),3,IF(AND(AN$8<AO$8,AN8<AO8),3,0))))) -> 5 | AQ8: 2 | AR8: 0 | AS8: =IF(AND(AQ$8="",AR$8=""),0,IF(AND(AQ$8=AQ8,AR$8=AR8),5,IF(AND(AQ$8=AR$8,AQ8=AR8),3,IF(AND(AQ$8>AR$8,AQ8>AR8),3,IF(AND(AQ$8<AR$8,AQ8<AR8),3,0))))) -> 5 | AT8: 0 | AU8: 0 | AV8: =IF(AND(AT$8="",AU$8=""),0,IF(AND(AT$8=AT8,AU$8=AU8),5,IF(AND(AT$8=AU$8,AT8=AU8),3,IF(AND(AT$8>AU$8,AT8>AU8),3,IF(AND(AT$8<AU$8,AT8<AU8),3,0))))) -> 5 | AW8: 3 | AX8: 2 | AY8: =IF(AND(AW$8="",AX$8=""),0,IF(AND(AW$8=AW8,AX$8=AX8),5,IF(AND(AW$8=AX$8,AW8=AX8),3,IF(AND(AW$8>AX$8,AW8>AX8),3,IF(AND(AW$8<AX$8,AW8<AX8),3,0))))) -> 5 | AZ8: 0 | BA8: 1 | BB8: =IF(AND(AZ$8="",BA$8=""),0,IF(AND(AZ$8=AZ8,BA$8=BA8),5,IF(AND(AZ$8=BA$8,AZ8=BA8),3,IF(AND(AZ$8>BA$8,AZ8>BA8),3,IF(AND(AZ$8<BA$8,AZ8<BA8),3,0))))) -> 5 | BE8: =IF(AND(BC$8="",BD$8=""),0,IF(AND(BC$8=BC8,BD$8=BD8),5,IF(AND(BC$8=BD$8,BC8=BD8),3,IF(AND(BC$8>BD$8,BC8>BD8),3,IF(AND(BC$8<BD$8,BC8<BD8),3,0))))) -> 0 | BF8: 0 | BG8: 2 | BH8: =IF(AND(BF$8="",BG$8=""),0,IF(AND(BF$8=BF8,BG$8=BG8),5,IF(AND(BF$8=BG$8,BF8=BG8),3,IF(AND(BF$8>BG$8,BF8>BG8),3,IF(AND(BF$8<BG$8,BF8<BG8),3,0))))) -> 5 | BK8: =IF(AND(BI$8="",BJ$8=""),0,IF(AND(BI$8=BI8,BJ$8=BJ8),5,IF(AND(BI$8=BJ$8,BI8=BJ8),3,IF(AND(BI$8>BJ$8,BI8>BJ8),3,IF(AND(BI$8<BJ$8,BI8<BJ8),3,0))))) -> 0 | BN8: =IF(AND(BL$8="",BM$8=""),0,IF(AND(BL$8=BL8,BM$8=BM8),5,IF(AND(BL$8=BM$8,BL8=BM8),3,IF(AND(BL$8>BM$8,BL8>BM8),3,IF(AND(BL$8<BM$8,BL8<BM8),3,0))))) -> 0 | BQ8: =IF(AND(BO$8="",BP$8=""),0,IF(AND(BO$8=BO8,BP$8=BP8),5,IF(AND(BO$8=BP$8,BO8=BP8),3,IF(AND(BO$8>BP$8,BO8>BP8),3,IF(AND(BO$8<BP$8,BO8<BP8),3,0))))) -> 0 | BT8: =IF(AND(BR$8="",BS$8=""),0,IF(AND(BR$8=BR8,BS$8=BS8),5,IF(AND(BR$8=BS$8,BR8=BS8),3,IF(AND(BR$8>BS$8,BR8>BS8),3,IF(AND(BR$8<BS$8,BR8<BS8),3,0))))) -> 0 | BW8: =IF(AND(BU$8="",BV$8=""),0,IF(AND(BU$8=BU8,BV$8=BV8),5,IF(AND(BU$8=BV$8,BU8=BV8),3,IF(AND(BU$8>BV$8,BU8>BV8),3,IF(AND(BU$8<BV$8,BU8<BV8),3,0))))) -> 0 | BZ8: =IF(AND(BX$8="",BY$8=""),0,IF(AND(BX$8=BX8,BY$8=BY8),5,IF(AND(BX$8=BY$8,BX8=BY8),3,IF(AND(BX$8>BY$8,BX8>BY8),3,IF(AND(BX$8<BY$8,BX8<BY8),3,0))))) -> 0 | CC8: =IF(AND(CA$8="",CB$8=""),0,IF(AND(CA$8=CA8,CB$8=CB8),5,IF(AND(CA$8=CB$8,CA8=CB8),3,IF(AND(CA$8>CB$8,CA8>CB8),3,IF(AND(CA$8<CB$8,CA8<CB8),3,0))))) -> 0 | CF8: =IF(AND(CD$8="",CE$8=""),0,IF(AND(CD$8=CD8,CE$8=CE8),5,IF(AND(CD$8=CE$8,CD8=CE8),3,IF(AND(CD$8>CE$8,CD8>CE8),3,IF(AND(CD$8<CE$8,CD8<CE8),3,0))))) -> 0 | CI8: =IF(AND(CG$8="",CH$8=""),0,IF(AND(CG$8=CG8,CH$8=CH8),5,IF(AND(CG$8=CH$8,CG8=CH8),3,IF(AND(CG$8>CH$8,CG8>CH8),3,IF(AND(CG$8<CH$8,CG8<CH8),3,0))))) -> 0 | CL8: =IF(AND(CJ$8="",CK$8=""),0,IF(AND(CJ$8=CJ8,CK$8=CK8),5,IF(AND(CJ$8=CK$8,CJ8=CK8),3,IF(AND(CJ$8>CK$8,CJ8>CK8),3,IF(AND(CJ$8<CK$8,CJ8<CK8),3,0))))) -> 0 | CO8: =IF(AND(CM$8="",CN$8=""),0,IF(AND(CM$8=CM8,CN$8=CN8),5,IF(AND(CM$8=CN$8,CM8=CN8),3,IF(AND(CM$8>CN$8,CM8>CN8),3,IF(AND(CM$8<CN$8,CM8<CN8),3,0))))) -> 0 | CR8: =IF(AND(CP$8="",CQ$8=""),0,IF(AND(CP$8=CP8,CQ$8=CQ8),5,IF(AND(CP$8=CQ$8,CP8=CQ8),3,IF(AND(CP$8>CQ$8,CP8>CQ8),3,IF(AND(CP$8<CQ$8,CP8<CQ8),3,0))))) -> 0 | CU8: =IF(AND(CS$8="",CT$8=""),0,IF(AND(CS$8=CS8,CT$8=CT8),5,IF(AND(CS$8=CT$8,CS8=CT8),3,IF(AND(CS$8>CT$8,CS8>CT8),3,IF(AND(CS$8<CT$8,CS8<CT8),3,0))))) -> 0 | CX8: =IF(AND(CV$8="",CW$8=""),0,IF(AND(CV$8=CV8,CW$8=CW8),5,IF(AND(CV$8=CW$8,CV8=CW8),3,IF(AND(CV$8>CW$8,CV8>CW8),3,IF(AND(CV$8<CW$8,CV8<CW8),3,0))))) -> 0 | DA8: =IF(AND(CY$8="",CZ$8=""),0,IF(AND(CY$8=CY8,CZ$8=CZ8),5,IF(AND(CY$8=CZ$8,CY8=CZ8),3,IF(AND(CY$8>CZ$8,CY8>CZ8),3,IF(AND(CY$8<CZ$8,CY8<CZ8),3,0))))) -> 0 | DD8: =IF(AND(DB$8="",DC$8=""),0,IF(AND(DB$8=DB8,DC$8=DC8),5,IF(AND(DB$8=DC$8,DB8=DC8),3,IF(AND(DB$8>DC$8,DB8>DC8),3,IF(AND(DB$8<DC$8,DB8<DC8),3,0))))) -> 0 | DG8: =IF(AND(DE$8="",DF$8=""),0,IF(AND(DE$8=DE8,DF$8=DF8),5,IF(AND(DE$8=DF$8,DE8=DF8),3,IF(AND(DE$8>DF$8,DE8>DF8),3,IF(AND(DE$8<DF$8,DE8<DF8),3,0))))) -> 0 | DJ8: =IF(AND(DH$8="",DI$8=""),0,IF(AND(DH$8=DH8,DI$8=DI8),5,IF(AND(DH$8=DI$8,DH8=DI8),3,IF(AND(DH$8>DI$8,DH8>DI8),3,IF(AND(DH$8<DI$8,DH8<DI8),3,0))))) -> 0 | DM8: =IF(AND(DK$8="",DL$8=""),0,IF(AND(DK$8=DK8,DL$8=DL8),5,IF(AND(DK$8=DL$8,DK8=DL8),3,IF(AND(DK$8>DL$8,DK8>DL8),3,IF(AND(DK$8<DL$8,DK8<DL8),3,0))))) -> 0 | DP8: =IF(AND(DN$8="",DO$8=""),0,IF(AND(DN$8=DN8,DO$8=DO8),5,IF(AND(DN$8=DO$8,DN8=DO8),3,IF(AND(DN$8>DO$8,DN8>DO8),3,IF(AND(DN$8<DO$8,DN8<DO8),3,0))))) -> 0 | DS8: =IF(AND(DQ$8="",DR$8=""),0,IF(AND(DQ$8=DQ8,DR$8=DR8),5,IF(AND(DQ$8=DR$8,DQ8=DR8),3,IF(AND(DQ$8>DR$8,DQ8>DR8),3,IF(AND(DQ$8<DR$8,DQ8<DR8),3,0))))) -> 0 | DV8: =IF(AND(DT$8="",DU$8=""),0,IF(AND(DT$8=DT8,DU$8=DU8),5,IF(AND(DT$8=DU$8,DT8=DU8),3,IF(AND(DT$8>DU$8,DT8>DU8),3,IF(AND(DT$8<DU$8,DT8<DU8),3,0))))) -> 0 | DY8: =IF(AND(DW$8="",DX$8=""),0,IF(AND(DW$8=DW8,DX$8=DX8),5,IF(AND(DW$8=DX$8,DW8=DX8),3,IF(AND(DW$8>DX$8,DW8>DX8),3,IF(AND(DW$8<DX$8,DW8<DX8),3,0))))) -> 0 | EB8: =IF(AND(DZ$8="",EA$8=""),0,IF(AND(DZ$8=DZ8,EA$8=EA8),5,IF(AND(DZ$8=EA$8,DZ8=EA8),3,IF(AND(DZ$8>EA$8,DZ8>EA8),3,IF(AND(DZ$8<EA$8,DZ8<EA8),3,0))))) -> 0 | EE8: =IF(AND(EC$8="",ED$8=""),0,IF(AND(EC$8=EC8,ED$8=ED8),5,IF(AND(EC$8=ED$8,EC8=ED8),3,IF(AND(EC$8>ED$8,EC8>ED8),3,IF(AND(EC$8<ED$8,EC8<ED8),3,0))))) -> 0 | EH8: =IF(AND(EF$8="",EG$8=""),0,IF(AND(EF$8=EF8,EG$8=EG8),5,IF(AND(EF$8=EG$8,EF8=EG8),3,IF(AND(EF$8>EG$8,EF8>EG8),3,IF(AND(EF$8<EG$8,EF8<EG8),3,0))))) -> 0 | EK8: =IF(AND(EI$8="",EJ$8=""),0,IF(AND(EI$8=EI8,EJ$8=EJ8),5,IF(AND(EI$8=EJ$8,EI8=EJ8),3,IF(AND(EI$8>EJ$8,EI8>EJ8),3,IF(AND(EI$8<EJ$8,EI8<EJ8),3,0))))) -> 0 | EN8: =IF(AND(EL$8="",EM$8=""),0,IF(AND(EL$8=EL8,EM$8=EM8),5,IF(AND(EL$8=EM$8,EL8=EM8),3,IF(AND(EL$8>EM$8,EL8>EM8),3,IF(AND(EL$8<EM$8,EL8<EM8),3,0))))) -> 0 | EQ8: =IF(AND(CS$8="",CT$8=""),0,IF(AND(CS$8=CS8,CT$8=CT8),5,IF(AND(CS$8=CT$8,CS8=CT8),3,IF(AND(CS$8>CT$8,CS8>CT8),3,IF(AND(CS$8<CT$8,CS8<CT8),3,0))))) -> 0 | ER8: =F8+I8+L8+O8+R8+U8+X8+AA8+AD8+AG8+AJ8+AM8+AP8+AS8+AV8+AY8 -> 80
A9: 1 | B9: ARELYS SEGOVIA | C9: =ER9 -> 31 | D9: 1 | E9: 0 | F9: =IF(AND(D$8=D9,E$8=E9,D$8<>""),5,IF(AND(D$8>E$8,D9>E9,(D$8-E$8)=(D9-E9),D$8<>""),3,IF(AND(D$8<E$8,D9<E9,(E$8-D$8)=(E9-D9),D$8<>""),3,IF(AND((D$8-E$8)=0,(D9-E9)=0,D$8<>""),3,IF(AND(D$8<E$8,D9>E9),0,IF(AND(D$8>E$8,D9<E9),0,IF(AND(D$8>E$8,D9>E9,D$8<>""),1,IF(AND(D$8<E$8,D9<E9,D$8<>""),1,IF(AND(D$8="",E$8=""),0,0))))))))) -> 0 | G9: 1 | H9: 3 | I9: =IF(AND(G$8=G9,H$8=H9,G$8<>""),5,IF(AND(G$8>H$8,G9>H9,(G$8-H$8)=(G9-H9),G$8<>""),3,IF(AND(G$8<H$8,G9<H9,(H$8-G$8)=(H9-G9),G$8<>""),3,IF(AND((G$8-H$8)=0,(G9-H9)=0,G$8<>""),3,IF(AND(G$8<H$8,G9>H9),0,IF(AND(G$8>H$8,G9<H9),0,IF(AND(G$8>H$8,G9>H9,G$8<>""),1,IF(AND(G$8<H$8,G9<H9,G$8<>""),1,IF(AND(G$8="",H$8=""),0,0))))))))) -> 3 | J9: 2 | K9: 1 | L9: =IF(AND(J$8=J9,K$8=K9,J$8<>""),5,IF(AND(J$8>K$8,J9>K9,(J$8-K$8)=(J9-K9),J$8<>""),3,IF(AND(J$8<K$8,J9<K9,(K$8-J$8)=(K9-J9),J$8<>""),3,IF(AND((J$8-K$8)=0,(J9-K9)=0,J$8<>""),3,IF(AND(J$8<K$8,J9>K9),0,IF(AND(J$8>K$8,J9<K9),0,IF(AND(J$8>K$8,J9>K9,J$8<>""),1,IF(AND(J$8<K$8,J9<K9,J$8<>""),1,IF(AND(J$8="",K$8=""),0,0))))))))) -> 1 | M9: 0 | N9: 0 | O9: =IF(AND(M$8=M9,N$8=N9,M$8<>""),5,IF(AND(M$8>N$8,M9>N9,(M$8-N$8)=(M9-N9),M$8<>""),3,IF(AND(M$8<N$8,M9<N9,(N$8-M$8)=(N9-M9),M$8<>""),3,IF(AND((M$8-N$8)=0,(M9-N9)=0,M$8<>""),3,IF(AND(M$8<N$8,M9>N9),0,IF(AND(M$8>N$8,M9<N9),0,IF(AND(M$8>N$8,M9>N9,M$8<>""),1,IF(AND(M$8<N$8,M9<N9,M$8<>""),1,IF(AND(M$8="",N$8=""),0,0))))))))) -> 3 | P9: 3 | Q9: 0 | R9: =IF(AND(P$8=P9,Q$8=Q9,P$8<>""),5,IF(AND(P$8>Q$8,P9>Q9,(P$8-Q$8)=(P9-Q9),P$8<>""),3,IF(AND(P$8<Q$8,P9<Q9,(Q$8-P$8)=(Q9-P9),P$8<>""),3,IF(AND((P$8-Q$8)=0,(P9-Q9)=0,P$8<>""),3,IF(AND(P$8<Q$8,P9>Q9),0,IF(AND(P$8>Q$8,P9<Q9),0,IF(AND(P$8>Q$8,P9>Q9,P$8<>""),1,IF(AND(P$8<Q$8,P9<Q9,P$8<>""),1,IF(AND(P$8="",Q$8=""),0,0))))))))) -> 0 | S9: 1 | T9: 2 | U9: =IF(AND(S$8=S9,T$8=T9,S$8<>""),5,IF(AND(S$8>T$8,S9>T9,(S$8-T$8)=(S9-T9),S$8<>""),3,IF(AND(S$8<T$8,S9<T9,(T$8-S$8)=(T9-S9),S$8<>""),3,IF(AND((S$8-T$8)=0,(S9-T9)=0,S$8<>""),3,IF(AND(S$8<T$8,S9>T9),0,IF(AND(S$8>T$8,S9<T9),0,IF(AND(S$8>T$8,S9>T9,S$8<>""),1,IF(AND(S$8<T$8,S9<T9,S$8<>""),1,IF(AND(S$8="",T$8=""),0,0))))))))) -> 0 | V9: 2 | W9: 0 | X9: =IF(AND(V$8=V9,W$8=W9,V$8<>""),5,IF(AND(V$8>W$8,V9>W9,(V$8-W$8)=(V9-W9),V$8<>""),3,IF(AND(V$8<W$8,V9<W9,(W$8-V$8)=(W9-V9),V$8<>""),3,IF(AND((V$8-W$8)=0,(V9-W9)=0,V$8<>""),3,IF(AND(V$8<W$8,V9>W9),0,IF(AND(V$8>W$8,V9<W9),0,IF(AND(V$8>W$8,V9>W9,V$8<>""),1,IF(AND(V$8<W$8,V9<W9,V$8<>""),1,IF(AND(V$8="",W$8=""),0,0))))))))) -> 0 | Y9: 3 | Z9: 0 | AA9: =IF(AND(Y$8=Y9,Z$8=Z9,Y$8<>""),5,IF(AND(Y$8>Z$8,Y9>Z9,(Y$8-Z$8)=(Y9-Z9),Y$8<>""),3,IF(AND(Y$8<Z$8,Y9<Z9,(Z$8-Y$8)=(Z9-Y9),Y$8<>""),3,IF(AND((Y$8-Z$8)=0,(Y9-Z9)=0,Y$8<>""),3,IF(AND(Y$8<Z$8,Y9>Z9),0,IF(AND(Y$8>Z$8,Y9<Z9),0,IF(AND(Y$8>Z$8,Y9>Z9,Y$8<>""),1,IF(AND(Y$8<Z$8,Y9<Z9,Y$8<>""),1,IF(AND(Y$8="",Z$8=""),0,0))))))))) -> 3 | AB9: 3 | AC9: 1 | AD9: =IF(AND(AB$8=AB9,AC$8=AC9,AB$8<>""),5,IF(AND(AB$8>AC$8,AB9>AC9,(AB$8-AC$8)=(AB9-AC9),AB$8<>""),3,IF(AND(AB$8<AC$8,AB9<AC9,(AC$8-AB$8)=(AC9-AB9),AB$8<>""),3,IF(AND((AB$8-AC$8)=0,(AB9-AC9)=0,AB$8<>""),3,IF(AND(AB$8<AC$8,AB9>AC9),0,IF(AND(AB$8>AC$8,AB9<AC9),0,IF(AND(AB$8>AC$8,AB9>AC9,AB$8<>""),1,IF(AND(AB$8<AC$8,AB9<AC9,AB$8<>""),1,IF(AND(AB$8="",AC$8=""),0,0))))))))) -> 0 | AE9: 0 | AF9: 1 | AG9: =IF(AND(AE$8=AE9,AF$8=AF9,AE$8<>""),5,IF(AND(AE$8>AF$8,AE9>AF9,(AE$8-AF$8)=(AE9-AF9),AE$8<>""),3,IF(AND(AE$8<AF$8,AE9<AF9,(AE$8-AF$8)=(AE9-AF9),AE$8<>""),3,IF(AND((AE$8-AF$8)=0,(AE9-AF9)=0,AE$8<>""),3,IF(AND(AE$8<AF$8,AE9>AF9),0,IF(AND(AE$8>AF$8,AE9<AF9),0,IF(AND(AE$8>AF$8,AE9>AF9,AE$8<>""),1,IF(AND(AE$8<AF$8,AE9<AF9,AE$8<>""),1,IF(AND(AE$8="",AF$8=""),0,0))))))))) -> 0 | AH9: 0 | AI9: 0 | AJ9: =IF(AND(AH$8=AH9,AI$8=AI9,AH$8<>""),5,IF(AND(AH$8>AI$8,AH9>AI9,(AH$8-AI$8)=(AH9-AI9),AH$8<>""),3,IF(AND(AH$8<AI$8,AH9<AI9,(AH$8-AI$8)=(AH9-AI9),AH$8<>""),3,IF(AND((AH$8-AI$8)=0,(AH9-AI9)=0,AH$8<>""),3,IF(AND(AH$8<AI$8,AH9>AI9),0,IF(AND(AH$8>AI$8,AH9<AI9),0,IF(AND(AH$8>AI$8,AH9>AI9,AH$8<>""),1,IF(AND(AH$8<AI$8,AH9<AI9,AH$8<>""),1,IF(AND(AH$8="",AI$8=""),0,0))))))))) -> 5 | AK9: 1 | AL9: 0 | AM9: =IF(AND(AK$8=AK9,AL$8=AL9,AK$8<>""),5,IF(AND(AK$8>AL$8,AK9>AL9,(AK$8-AL$8)=(AK9-AL9),AK$8<>""),3,IF(AND(AK$8<AL$8,AK9<AL9,(AK$8-AL$8)=(AK9-AL9),AK$8<>""),3,IF(AND((AK$8-AL$8)=0,(AK9-AL9)=0,AK$8<>""),3,IF(AND(AK$8<AL$8,AK9>AL9),0,IF(AND(AK$8>AL$8,AK9<AL9),0,IF(AND(AK$8>AL$8,AK9>AL9,AK$8<>""),1,IF(AND(AK$8<AL$8,AK9<AL9,AK$8<>""),1,IF(AND(AK$8="",AL$8=""),0,0))))))))) -> 5 | AN9: 2 | AO9: 1 | AP9: =IF(AND(AN$8=AN9,AO$8=AO9,AN$8<>""),5,IF(AND(AN$8>AO$8,AN9>AO9,(AN$8-AO$8)=(AN9-AO9),AN$8<>""),3,IF(AND(AN$8<AO$8,AN9<AO9,(AN$8-AO$8)=(AN9-AO9),AN$8<>""),3,IF(AND((AN$8-AO$8)=0,(AN9-AO9)=0,AN$8<>""),3,IF(AND(AN$8<AO$8,AN9>AO9),0,IF(AND(AN$8>AO$8,AN9<AO9),0,IF(AND(AN$8>AO$8,AN9>AO9,AN$8<>""),1,IF(AND(AN$8<AO$8,AN9<AO9,AN$8<>""),1,IF(AND(AN$8="",AO$8=""),0,0))))))))) -> 3 | AQ9: 2 | AR9: 0 | AS9: =IF(AND(AQ$8=AQ9,AR$8=AR9,AQ$8<>""),5,IF(AND(AQ$8>AR8,AQ9>AR9,(AQ$8-AR$8)=(AQ9-AR9),AQ$8<>""),3,IF(AND(AQ$8<AR$8,AQ9<AR9,(AQ$8-AR$8)=(AQ9-AR9),AQ$8<>""),3,IF(AND((AQ$8-AR$8)=0,(AQ9-AR9)=0,AQ$8<>""),3,IF(AND(AQ$8<AR$8,AQ9>AR9),0,IF(AND(AQ$8>AR$8,AQ9<AR9),0,IF(AND(AQ$8>AR$8,AQ9>AR9,AQ$8<>""),1,IF(AND(AQ$8<AR$8,AQ9<AR9,AQ$8<>""),1,IF(AND(AQ$8="",AR$8=""),0,0))))))))) -> 5 | AT9: 0 | AU9: 1 | AV9: =IF(AND(AT$8=AT9,AU$8=AU9,AT$8<>""),5,IF(AND(AT$8>AU8,AT9>AU9,(AT$8-AU$8)=(AT9-AU9),AT$8<>""),3,IF(AND(AT$8<AU$8,AT9<AU9,(AT$8-AU$8)=(AT9-AU9),AT$8<>""),3,IF(AND((AT$8-AU$8)=0,(AT9-AU9)=0,AT$8<>""),3,IF(AND(AT$8<AU$8,AT9>AU9),0,IF(AND(AT$8>AU$8,AT9<AU9),0,IF(AND(AT$8>AU$8,AT9>AU9,AT$8<>""),1,IF(AND(AT$8<AU$8,AT9<AU9,AT$8<>""),1,IF(AND(AT$8="",AU$8=""),0,0))))))))) -> 0 | AW9: 3 | AX9: 1 | AY9: =IF(AND(AW$8=AW9,AX$8=AX9,AW$8<>""),5,IF(AND(AW$8>AX8,AW9>AX9,(AW$8-AX$8)=(AW9-AX9),AW$8<>""),3,IF(AND(AW$8<AX$8,AW9<AX9,(AW$8-AX$8)=(AW9-AX9),AW$8<>""),3,IF(AND((AW$8-AX$8)=0,(AW9-AX9)=0,AW$8<>""),3,IF(AND(AW$8<AX$8,AW9>AX9),0,IF(AND(AW$8>AX$8,AW9<AX9),0,IF(AND(AW$8>AX$8,AW9>AX9,AW$8<>""),1,IF(AND(AW$8<AX$8,AW9<AX9,AW$8<>""),1,IF(AND(AW$8="",AX$8=""),0,0))))))))) -> 1 | AZ9: 0 | BA9: 2 | BB9: =IF(AND(AZ$8=AZ9,BA$8=BA9,AZ$8<>""),5,IF(AND(AZ$8>BA8,AZ9>BA9,(AZ$8-BA$8)=(AZ9-BA9),AZ$8<>""),3,IF(AND(AZ$8<BA$8,AZ9<BA9,(AZ$8-BA$8)=(AZ9-BA9),AZ$8<>""),3,IF(AND((AZ$8-BA$8)=0,(AZ9-BA9)=0,AZ$8<>""),3,IF(AND(AZ$8<BA$8,AZ9>BA9),0,IF(AND(AZ$8>BA$8,AZ9<BA9),0,IF(AND(AZ$8>BA$8,AZ9>BA9,AZ$8<>""),1,IF(AND(AZ$8<BA$8,AZ9<BA9,AZ$8<>""),1,IF(AND(AZ$8="",BA$8=""),0,0))))))))) -> 1 | BC9: 2 | BD9: 0 | BE9: =IF(AND(BC$8=BC9,BD$8=BD9,BC$8<>""),5,IF(AND(BC$8>BD8,BC9>BD9,(BC$8-BD$8)=(BC9-BD9),BC$8<>""),3,IF(AND(BC$8<BD$8,BC9<BD9,(BC$8-BD$8)=(BC9-BD9),BC$8<>""),3,IF(AND((BC$8-BD$8)=0,(BC9-BD9)=0,BC$8<>""),3,IF(AND(BC$8<BD$8,BC9>BD9),0,IF(AND(BC$8>BD$8,BC9<BD9),0,IF(AND(BC$8>BD$8,BC9>BD9,BC$8<>""),1,IF(AND(BC$8<BD$8,BC9<BD9,BC$8<>""),1,IF(AND(BC$8="",BD$8=""),0,0))))))))) -> 0 | BF9: 0 | BG9: 1 | BH9: =IF(AND(BF$8=BF9,BG$8=BG9,BF$8<>""),5,IF(AND(BF$8>BG8,BF9>BG9,(BF$8-BG$8)=(BF9-BG9),BF$8<>""),3,IF(AND(BF$8<BG$8,BF9<BG9,(BF$8-BG$8)=(BF9-BG9),BF$8<>""),3,IF(AND((BF$8-BG$8)=0,(BF9-BG9)=0,BF$8<>""),3,IF(AND(BF$8<BG$8,BF9>BG9),0,IF(AND(BF$8>BG$8,BF9<BG9),0,IF(AND(BF$8>BG$8,BF9>BG9,BF$8<>""),1,IF(AND(BF$8<BG$8,BF9<BG9,BF$8<>""),1,IF(AND(BF$8="",BG$8=""),0,0))))))))) -> 1 | BI9: 2 | BJ9: 1 | BK9: =IF(AND(BI$8=BI9,BJ$8=BJ9,BI$8<>""),5,IF(AND(BI$8>BJ8,BI9>BJ9,(BI$8-BJ$8)=(BI9-BJ9),BI$8<>""),3,IF(AND(BI$8<BJ$8,BI9<BJ9,(BI$8-BJ$8)=(BI9-BJ9),BI$8<>""),3,IF(AND((BI$8-BJ$8)=0,(BI9-BJ9)=0,BI$8<>""),3,IF(AND(BI$8<BJ$8,BI9>BJ9),0,IF(AND(BI$8>BJ$8,BI9<BJ9),0,IF(AND(BI$8>BJ$8,BI9>BJ9,BI$8<>""),1,IF(AND(BI$8<BJ$8,BI9<BJ9,BI$8<>""),1,IF(AND(BI$8="",BJ$8=""),0,0))))))))) -> 0 | BL9: 1 | BM9: 0 | BN9: =IF(AND(BL$8=BL9,BM$8=BM9,BL$8<>""),5,IF(AND(BL$8>BM8,BL9>BM9,(BL$8-BM$8)=(BL9-BM9),BL$8<>""),3,IF(AND(BL$8<BM$8,BL9<BM9,(BL$8-BM$8)=(BL9-BM9),BL$8<>""),3,IF(AND((BM$8-BL$8)=0,(BL9-BM9)=0,BL$8<>""),3,IF(AND(BL$8<BM$8,BL9>BM9),0,IF(AND(BL$8>BM$8,BL9<BM9),0,IF(AND(BL$8>BM$8,BL9>BM9,BL$8<>""),1,IF(AND(BL$8<BM$8,BL9<BM9,BL$8<>""),1,IF(AND(BL$8="",BM$8=""),0,0))))))))) -> 0 | BO9: 1 | BP9: 1 | BQ9: =IF(AND(BO$8=BO9,BP$8=BP9,BO$8<>""),5,IF(AND(BO$8>BP8,BO9>BP9,(BO$8-BP$8)=(BO9-BP9),BO$8<>""),3,IF(AND(BO$8<BP$8,BO9<BP9,(BO$8-BP$8)=(BO9-BP9),BO$8<>""),3,IF(AND((BO$8-BP$8)=0,(BO9-BP9)=0,BO$8<>""),3,IF(AND(BO$8<BP$8,BO9>BP9),0,IF(AND(BO$8>BP$8,BO9<BP9),0,IF(AND(BO$8>BP$8,BO9>BP9,BO$8<>""),1,IF(AND(BO$8<BP$8,BO9<BP9,BO$8<>""),1,IF(AND(BO$8="",BP$8=""),0,0))))))))) -> 0 | BR9: 1 | BS9: 1 | BT9: =IF(AND(BR$8=BR9,BS$8=BS9,BR$8<>""),5,IF(AND(BR$8>BS8,BR9>BS9,(BR$8-BS$8)=(BR9-BS9),BR$8<>""),3,IF(AND(BR$8<BS$8,BR9<BS9,(BR$8-BS$8)=(BR9-BS9),BR$8<>""),3,IF(AND((BR$8-BS$8)=0,(BR9-BS9)=0,BR$8<>""),3,IF(AND(BR$8<BS$8,BR9>BS9),0,IF(AND(BR$8>BS$8,BR9<BS9),0,IF(AND(BR$8>BS$8,BR9>BS9,BR$8<>""),1,IF(AND(BR$8<BS$8,BR9<BS9,BR$8<>""),1,IF(AND(BR$8="",BS$8=""),0,0))))))))) -> 0 | BU9: 2 | BV9: 2 | BW9: =IF(AND(BU$8=BU9,BV$8=BV9,BU$8<>""),5,IF(AND(BU$8>BV8,BU9>BV9,(BU$8-BV$8)=(BU9-BV9),BU$8<>""),3,IF(AND(BU$8<BV$8,BU9<BV9,(BU$8-BV$8)=(BU9-BV9),BU$8<>""),3,IF(AND((BU$8-BV$8)=0,(BU9-BV9)=0,BU$8<>""),3,IF(AND(BU$8<BV$8,BU9>BV9),0,IF(AND(BU$8>BV$8,BU9<BV9),0,IF(AND(BU$8>BV$8,BU9>BV9,BU$8<>""),1,IF(AND(BU$8<BV$8,BU9<BV9,BU$8<>""),1,IF(AND(BU$8="",BV$8=""),0,0))))))))) -> 0 | BX9: 0 | BY9: 1 | BZ9: =IF(AND(BX$8=BX9,BY$8=BY9,BX$8<>""),5,IF(AND(BX$8>BY8,BX9>BY9,(BX$8-BY$8)=(BX9-BY9),BX$8<>""),3,IF(AND(BX$8<BY$8,BX9<BY9,(BX$8-BY$8)=(BX9-BY9),BX$8<>""),3,IF(AND((BX$8-BY$8)=0,(BX9-BY9)=0,BX$8<>""),3,IF(AND(BX$8<BY$8,BX9>BY9),0,IF(AND(BX$8>BY$8,BX9<BY9),0,IF(AND(BX$8>BY$8,BX9>BY9,BX$8<>""),1,IF(AND(BX$8<BY$8,BX9<BY9,BX$8<>""),1,IF(AND(BX$8="",BY$8=""),0,0))))))))) -> 0 | CA9: 0 | CB9: 2 | CC9: =IF(AND(CA$8=CA9,CB$8=CB9,CA$8<>""),5,IF(AND(CA$8>CB8,CA9>CB9,(CA$8-CB$8)=(CA9-CB9),CA$8<>""),3,IF(AND(CA$8<CB$8,CA9<CB9,(CA$8-CB$8)=(CA9-CB9),CA$8<>""),3,IF(AND((CA$8-CB$8)=0,(CA9-CB9)=0,CA$8<>""),3,IF(AND(CA$8<CB$8,CA9>CB9),0,IF(AND(CA$8>CB$8,CA9<CB9),0,IF(AND(CA$8>CB$8,CA9>CB9,CA$8<>""),1,IF(AND(CA$8<CB$8,CA9<CB9,CA$8<>""),1,IF(AND(CA$8="",CB$8=""),0,0))))))))) -> 0 | CD9: 2 | CE9: 1 | CF9: =IF(AND(CD$8=CD9,CE$8=CE9,CD$8<>""),5,IF(AND(CD$8>CE8,CD9>CE9,(CD$8-CE$8)=(CD9-CE9),CD$8<>""),3,IF(AND(CD$8<CE$8,CD9<CE9,(CD$8-CE$8)=(CD9-CE9),CD$8<>""),3,IF(AND((CD$8-CE$8)=0,(CD9-CE9)=0,CD$8<>""),3,IF(AND(CD$8<CE$8,CD9>CE9),0,IF(AND(CD$8>CE$8,CD9<CE9),0,IF(AND(CD$8>CE$8,CD9>CE9,CD$8<>""),1,IF(AND(CD$8<CE$8,CD9<CE9,CD$8<>""),1,IF(AND(CD$8="",CE$8=""),0,0))))))))) -> 0 | CG9: 2 | CH9: 0 | CI9: =IF(AND(CG$8=CG9,CH$8=CH9,CG$8<>""),5,IF(AND(CG$8>CH8,CG9>CH9,(CG$8-CH$8)=(CG9-CH9),CG$8<>""),3,IF(AND(CG$8<CH$8,CG9<CH9,(CG$8-CH$8)=(CG9-CH9),CG$8<>""),3,IF(AND((CG$8-CH$8)=0,(CG9-CH9)=0,CG$8<>""),3,IF(AND(CG$8<CH$8,CG9>CH9),0,IF(AND(CG$8>CH$8,CG9<CH9),0,IF(AND(CG$8>CH$8,CG9>CH9,CG$8<>""),1,IF(AND(CG$8<CH$8,CG9<CH9,CG$8<>""),1,IF(AND(CG$8="",CH$8=""),0,0))))))))) -> 0 | CJ9: 0 | CK9: 2 | CL9: =IF(AND(CJ$8=CJ9,CK$8=CK9,CJ$8<>""),5,IF(AND(CJ$8>CK8,CJ9>CK9,(CJ$8-CK$8)=(CJ9-CK9),CJ$8<>""),3,IF(AND(CJ$8<CK$8,CJ9<CK9,(CJ$8-CK$8)=(CJ9-CK9),CJ$8<>""),3,IF(AND((CJ$8-CK$8)=0,(CJ9-CK9)=0,CJ$8<>""),3,IF(AND(CJ$8<CK$8,CJ9>CK9),0,IF(AND(CJ$8>CK$8,CJ9<CK9),0,IF(AND(CJ$8>CK$8,CJ9>CK9,CJ$8<>""),1,IF(AND(CJ$8<CK$8,CJ9<CK9,CJ$8<>""),1,IF(AND(CJ$8="",CK$8=""),0,0))))))))) -> 0 | CM9: 1 | CN9: 0 | CO9: =IF(AND(CM$8=CM9,CN$8=CN9,CM$8<>""),5,IF(AND(CM$8>CN8,CM9>CN9,(CM$8-CN$8)=(CM9-CN9),CM$8<>""),3,IF(AND(CM$8<CN$8,CM9<CN9,(CM$8-CN$8)=(CM9-CN9),CM$8<>""),3,IF(AND((CM$8-CN$8)=0,(CM9-CN9)=0,CM$8<>""),3,IF(AND(CM$8<CN$8,CM9>CN9),0,IF(AND(CM$8>CN$8,CM9<CN9),0,IF(AND(CM$8>CN$8,CM9>CN9,CM$8<>""),1,IF(AND(CM$8<CN$8,CM9<CN9,CM$8<>""),1,IF(AND(CM$8="",CN$8=""),0,0))))))))) -> 0 | CP9: 0 | CQ9: 2 | CR9: =IF(AND(CP$8=CP9,CQ$8=CQ9,CP$8<>""),5,IF(AND(CP$8>CQ8,CP9>CQ9,(CP$8-CQ$8)=(CP9-CQ9),CP$8<>""),3,IF(AND(CP$8<CQ$8,CP9<CQ9,(CP$8-CQ$8)=(CP9-CQ9),CP$8<>""),3,IF(AND((CP$8-CQ$8)=0,(CP9-CQ9)=0,CP$8<>""),3,IF(AND(CP$8<CQ$8,CP9>CQ9),0,IF(AND(CP$8>CQ$8,CP9<CQ9),0,IF(AND(CP$8>CQ$8,CP9>CQ9,CP$8<>""),1,IF(AND(CP$8<CQ$8,CP9<CQ9,CP$8<>""),1,IF(AND(CP$8="",CQ$8=""),0,0))))))))) -> 0 | CS9: 2 | CT9: 1 | CU9: =IF(AND(CS$8=CS9,CT$8=CT9,CS$8<>""),5,IF(AND(CS$8>CT8,CS9>CT9,(CS$8-CT$8)=(CS9-CT9),CS$8<>""),3,IF(AND(CS$8<CT$8,CS9<CT9,(CS$8-CT$8)=(CS9-CT9),CS$8<>""),3,IF(AND((CS$8-CT$8)=0,(CS9-CT9)=0,CS$8<>""),3,IF(AND(CS$8<CT$8,CS9>CT9),0,IF(AND(CS$8>CT$8,CS9<CT9),0,IF(AND(CS$8>CT$8,CS9>CT9,CS$8<>""),1,IF(AND(CS$8<CT$8,CS9<CT9,CS$8<>""),1,IF(AND(CS$8="",CT$8=""),0,0))))))))) -> 0 | CV9: 1 | CW9: 2 | CX9: =IF(AND(CV$8=CV9,CW$8=CW9,CV$8<>""),5,IF(AND(CV$8>CW8,CV9>CW9,(CV$8-CW$8)=(CV9-CW9),CV$8<>""),3,IF(AND(CV$8<CW$8,CV9<CW9,(CV$8-CW$8)=(CV9-CW9),CV$8<>""),3,IF(AND((CV$8-CW$8)=0,(CV9-CW9)=0,CV$8<>""),3,IF(AND(CV$8<CW$8,CV9>CW9),0,IF(AND(CV$8>CW$8,CV9<CW9),0,IF(AND(CV$8>CW$8,CV9>CW9,CV$8<>""),1,IF(AND(CV$8<CW$8,CV9<CW9,CV$8<>""),1,IF(AND(CV$8="",CW$8=""),0,0))))))))) -> 0 | CY9: 2 | CZ9: 0 | DA9: =IF(AND(CY$8=CY9,CZ$8=CZ9,CY$8<>""),5,IF(AND(CY$8>CZ8,CY9>CZ9,(CY$8-CZ$8)=(CY9-CZ9),CY$8<>""),3,IF(AND(CY$8<CZ$8,CY9<CZ9,(CY$8-CZ$8)=(CY9-CZ9),CY$8<>""),3,IF(AND((CY$8-CZ$8)=0,(CY9-CZ9)=0,CY$8<>""),3,IF(AND(CY$8<CZ$8,CY9>CZ9),0,IF(AND(CY$8>CZ$8,CY9<CZ9),0,IF(AND(CY$8>CZ$8,CY9>CZ9,CY$8<>""),1,IF(AND(CY$8<CZ$8,CY9<CZ9,CY$8<>""),1,IF(AND(CY$8="",CZ$8=""),0,0))))))))) -> 0 | DB9: 0 | DC9: 3 | DD9: =IF(AND(DB$8=DB9,DC$8=DC9,DB$8<>""),5,IF(AND(DB$8>DC8,DB9>DC9,(DB$8-DC$8)=(DB9-DC9),DB$8<>""),3,IF(AND(DB$8<DC$8,DB9<DC9,(DB$8-DC$8)=(DB9-DC9),DB$8<>""),3,IF(AND((DB$8-DC$8)=0,(DB9-DC9)=0,DB$8<>""),3,IF(AND(DB$8<DC$8,DB9>DC9),0,IF(AND(DB$8>DC$8,DB9<DC9),0,IF(AND(DB$8>DC$8,DB9>DC9,DB$8<>""),1,IF(AND(DB$8<DC$8,DB9<DC9,DB$8<>""),1,IF(AND(DB$8="",DC$8=""),0,0))))))))) -> 0 | DE9: 1 | DF9: 2 | DG9: =IF(AND(DE$8=DE9,DF$8=DF9,DE$8<>""),5,IF(AND(DE$8>DF8,DE9>DF9,(DE$8-DF$8)=(DE9-DF9),DE$8<>""),3,IF(AND(DE$8<DF$8,DE9<DF9,(DE$8-DF$8)=(DE9-DF9),DE$8<>""),3,IF(AND((DE$8-DF$8)=0,(DE9-DF9)=0,DE$8<>""),3,IF(AND(DE$8<DF$8,DE9>DF9),0,IF(AND(DE$8>DF$8,DE9<DF9),0,IF(AND(DE$8>DF$8,DE9>DF9,DE$8<>""),1,IF(AND(DE$8<DF$8,DE9<DF9,DE$8<>""),1,IF(AND(DE$8="",DF$8=""),0,0))))))))) -> 0 | DH9: 1 | DI9: 2 | DJ9: =IF(AND(DH$8=DH9,DI$8=DI9,DH$8<>""),5,IF(AND(DH$8>DI8,DH9>DI9,(DH$8-DI$8)=(DH9-DI9),DH$8<>""),3,IF(AND(DH$8<DI$8,DH9<DI9,(DH$8-DI$8)=(DH9-DI9),DH$8<>""),3,IF(AND((DH$8-DI$8)=0,(DH9-DI9)=0,DH$8<>""),3,IF(AND(DH$8<DI$8,DH9>DI9),0,IF(AND(DH$8>DI$8,DH9<DI9),0,IF(AND(DH$8>DI$8,DH9>DI9,DH$8<>""),1,IF(AND(DH$8<DI$8,DH9<DI9,DH$8<>""),1,IF(AND(DH$8="",DI$8=""),0,0))))))))) -> 0 | DK9: 1 | DL9: 2 | DM9: =IF(AND(DK$8=DK9,DL$8=DL9,DK$8<>""),5,IF(AND(DK$8>DL8,DK9>DL9,(DK$8-DL$8)=(DK9-DL9),DK$8<>""),3,IF(AND(DK$8<DL$8,DK9<DL9,(DK$8-DL$8)=(DK9-DL9),DK$8<>""),3,IF(AND((DK$8-DL$8)=0,(DK9-DL9)=0,DK$8<>""),3,IF(AND(DK$8<DL$8,DK9>DL9),0,IF(AND(DK$8>DL$8,DK9<DL9),0,IF(AND(DK$8>DL$8,DK9>DL9,DK$8<>""),1,IF(AND(DK$8<DL$8,DK9<DL9,DK$8<>""),1,IF(AND(DK$8="",DL$8=""),0,0))))))))) -> 0 | DN9: 1 | DO9: 3 | DP9: =IF(AND(DN$8=DN9,DO$8=DO9,DN$8<>""),5,IF(AND(DN$8>DO8,DN9>DO9,(DN$8-DO$8)=(DN9-DO9),DN$8<>""),3,IF(AND(DN$8<DO$8,DN9<DO9,(DN$8-DO$8)=(DN9-DO9),DN$8<>""),3,IF(AND((DN$8-DO$8)=0,(DN9-DO9)=0,DN$8<>""),3,IF(AND(DN$8<DO$8,DN9>DO9),0,IF(AND(DN$8>DO$8,DN9<DO9),0,IF(AND(DN$8>DO$8,DN9>DO9,DN$8<>""),1,IF(AND(DN$8<DO$8,DN9<DO9,DN$8<>""),1,IF(AND(DN$8="",DO$8=""),0,0))))))))) -> 0 | DQ9: 0 | DR9: 2 | DS9: =IF(AND(DQ$8=DQ9,DR$8=DR9,DQ$8<>""),5,IF(AND(DQ$8>DR8,DQ9>DR9,(DQ$8-DR$8)=(DQ9-DR9),DQ$8<>""),3,IF(AND(DQ$8<DR$8,DQ9<DR9,(DQ$8-DR$8)=(DQ9-DR9),DQ$8<>""),3,IF(AND((DQ$8-DR$8)=0,(DQ9-DR9)=0,DQ$8<>""),3,IF(AND(DQ$8<DR$8,DQ9>DR9),0,IF(AND(DQ$8>DR$8,DQ9<DR9),0,IF(AND(DQ$8>DR$8,DQ9>DR9,DQ$8<>""),1,IF(AND(DQ$8<DR$8,DQ9<DR9,DQ$8<>""),1,IF(AND(DQ$8="",DR$8=""),0,0))))))))) -> 0 | DT9: 1 | DU9: 0 | DV9: =IF(AND(DT$8=DT9,DU$8=DU9,DT$8<>""),5,IF(AND(DT$8>DU8,DT9>DU9,(DT$8-DU$8)=(DT9-DU9),DT$8<>""),3,IF(AND(DT$8<DU$8,DT9<DU9,(DT$8-DU$8)=(DT9-DU9),DT$8<>""),3,IF(AND((DT$8-DU$8)=0,(DT9-DU9)=0,DT$8<>""),3,IF(AND(DT$8<DU$8,DT9>DU9),0,IF(AND(DT$8>DU$8,DT9<DU9),0,IF(AND(DT$8>DU$8,DT9>DU9,DT$8<>""),1,IF(AND(DT$8<DU$8,DT9<DU9,DT$8<>""),1,IF(AND(DT$8="",DU$8=""),0,0))))))))) -> 0 | DW9: 0 | DX9: 2 | DY9: =IF(AND(DW$8=DW9,DX$8=DX9,DW$8<>""),5,IF(AND(DW$8>DX8,DW9>DX9,(DW$8-DX$8)=(DW9-DX9),DW$8<>""),3,IF(AND(DW$8<DX$8,DW9<DX9,(DW$8-DX$8)=(DW9-DX9),DW$8<>""),3,IF(AND((DW$8-DX$8)=0,(DW9-DX9)=0,DW$8<>""),3,IF(AND(DW$8<DX$8,DW9>DX9),0,IF(AND(DW$8>DX$8,DW9<DX9),0,IF(AND(DW$8>DX$8,DW9>DX9,DW$8<>""),1,IF(AND(DW$8<DX$8,DW9<DX9,DW$8<>""),1,IF(AND(DW$8="",DX$8=""),0,0))))))))) -> 0 | DZ9: 1 | EA9: 1 | EB9: =IF(AND(DZ$8=DZ9,EA$8=EA9,DZ$8<>""),5,IF(AND(DZ$8>EA8,DZ9>EA9,(DZ$8-EA$8)=(DZ9-EA9),DZ$8<>""),3,IF(AND(DZ$8<EA$8,DZ9<EA9,(DZ$8-EA$8)=(DZ9-EA9),DZ$8<>""),3,IF(AND((DZ$8-EA$8)=0,(DZ9-EA9)=0,DZ$8<>""),3,IF(AND(DZ$8<EA$8,DZ9>EA9),0,IF(AND(DZ$8>EA$8,DZ9<EA9),0,IF(AND(DZ$8>EA$8,DZ9>EA9,DZ$8<>""),1,IF(AND(DZ$8<EA$8,DZ9<EA9,DZ$8<>""),1,IF(AND(DZ$8="",EA$8=""),0,0))))))))) -> 0 | EC9: 1 | ED9: 2 | EE9: =IF(AND(EC$8=EC9,ED$8=ED9,EC$8<>""),5,IF(AND(EC$8>ED8,EC9>ED9,(EC$8-ED$8)=(EC9-ED9),EC$8<>""),3,IF(AND(EC$8<ED$8,EC9<ED9,(EC$8-ED$8)=(EC9-ED9),EC$8<>""),3,IF(AND((EC$8-ED$8)=0,(EC9-ED9)=0,EC$8<>""),3,IF(AND(EC$8<ED$8,EC9>ED9),0,IF(AND(EC$8>ED$8,EC9<ED9),0,IF(AND(EC$8>ED$8,EC9>ED9,EC$8<>""),1,IF(AND(EC$8<ED$8,EC9<ED9,EC$8<>""),1,IF(AND(EC$8="",ED$8=""),0,0))))))))) -> 0 | EF9: 2 | EG9: 0 | EH9: =IF(AND(EF$8=EF9,EG$8=EG9,EF$8<>""),5,IF(AND(EF$8>EG8,EF9>EG9,(EF$8-EG$8)=(EF9-EG9),EF$8<>""),3,IF(AND(EF$8<EG$8,EF9<EG9,(EF$8-EG$8)=(EF9-EG9),EF$8<>""),3,IF(AND((EF$8-EG$8)=0,(EF9-EG9)=0,EF$8<>""),3,IF(AND(EF$8<EG$8,EF9>EG9),0,IF(AND(EF$8>EG$8,EF9<EG9),0,IF(AND(EF$8>EG$8,EF9>EG9,EF$8<>""),1,IF(AND(EF$8<EG$8,EF9<EG9,EF$8<>""),1,IF(AND(EF$8="",EG$8=""),0,0))))))))) -> 0 | EI9: 0 | EJ9: 2 | EK9: =IF(AND(EI$8=EI9,EJ$8=EJ9,EI$8<>""),5,IF(AND(EI$8>EJ8,EI9>EJ9,(EI$8-EJ$8)=(EI9-EJ9),EI$8<>""),3,IF(AND(EI$8<EJ$8,EI9<EJ9,(EI$8-EJ$8)=(EI9-EJ9),EI$8<>""),3,IF(AND((EI$8-EJ$8)=0,(EI9-EJ9)=0,EI$8<>""),3,IF(AND(EI$8<EJ$8,EI9>EJ9),0,IF(AND(EI$8>EJ$8,EI9<EJ9),0,IF(AND(EI$8>EJ$8,EI9>EJ9,EI$8<>""),1,IF(AND(EI$8<EJ$8,EI9<EJ9,EI$8<>""),1,IF(AND(EI$8="",EJ$8=""),0,0))))))))) -> 0 | EL9: 0 | EM9: 2 | EN9: =IF(AND(EL$8=EL9,EM$8=EM9,EL$8<>""),5,IF(AND(EL$8>EM8,EL9>EM9,(EL$8-EM$8)=(EL9-EM9),EL$8<>""),3,IF(AND(EL$8<EM$8,EL9<EM9,(EL$8-EM$8)=(EL9-EM9),EL$8<>""),3,IF(AND((EL$8-EM$8)=0,(EL9-EM9)=0,EL$8<>""),3,IF(AND(EL$8<EM$8,EL9>EM9),0,IF(AND(EL$8>EM$8,EL9<EM9),0,IF(AND(EL$8>EM$8,EL9>EM9,EL$8<>""),1,IF(AND(EL$8<EM$8,EL9<EM9,EL$8<>""),1,IF(AND(EL$8="",EM$8=""),0,0))))))))) -> 0 | EO9: 2 | EP9: 0 | EQ9: =IF(AND(EO$8=EO9,EP$8=EP9,EO$8<>""),5,IF(AND(EO$8>EP8,EO9>EP9,(EO$8-EP$8)=(EO9-EP9),EO$8<>""),3,IF(AND(EO$8<EP$8,EO9<EP9,(EO$8-EP$8)=(EO9-EP9),EO$8<>""),3,IF(AND((EO$8-EP$8)=0,(EO9-EP9)=0,EO$8<>""),3,IF(AND(EO$8<EP$8,EO9>EP9),0,IF(AND(EO$8>EP$8,EO9<EP9),0,IF(AND(EO$8>EP$8,EO9>EP9,EO$8<>""),1,IF(AND(EO$8<EP$8,EO9<EP9,EO$8<>""),1,IF(AND(EO$8="",EP$8=""),0,0))))))))) -> 0 | ER9: =F9+I9+L9+O9+R9+U9+X9+AA9+AD9+AG9+AJ9+AM9+AP9+AS9+AV9+AY9+BB9+BE9+BH9+BK9+BN9+BQ9+BT9+BW9+BZ9+CC9+CF9+CI9+CL9+CO9+CR9+CU9+CX9+DA9+DD9+DG9+DJ9+DM9+DP9+DS9+DV9+DY9+EB9+EE9+EH9+EK9+EN9+EQ9 -> 31
A10: 2 | B10: FREDDY MENDOZA | C10: =ER10 -> 27 | D10: 0 | E10: 2 | F10: =IF(AND(D$8=D10,E$8=E10,D$8<>""),5,IF(AND(D$8>E$8,D10>E10,(D$8-E$8)=(D10-E10),D$8<>""),3,IF(AND(D$8<E$8,D10<E10,(E$8-D$8)=(E10-D10),D$8<>""),3,IF(AND((D$8-E$8)=0,(D10-E10)=0,D$8<>""),3,IF(AND(D$8<E$8,D10>E10),0,IF(AND(D$8>E$8,D10<E10),0,IF(AND(D$8>E$8,D10>E10,D$8<>""),1,IF(AND(D$8<E$8,D10<E10,D$8<>""),1,IF(AND(D$8="",E$8=""),0,0))))))))) -> 5 | G10: 0 | H10: 2 | I10: =IF(AND(G$8=G10,H$8=H10,G$8<>""),5,IF(AND(G$8>H$8,G10>H10,(G$8-H$8)=(G10-H10),G$8<>""),3,IF(AND(G$8<H$8,G10<H10,(H$8-G$8)=(H10-G10),G$8<>""),3,IF(AND((G$8-H$8)=0,(G10-H10)=0,G$8<>""),3,IF(AND(G$8<H$8,G10>H10),0,IF(AND(G$8>H$8,G10<H10),0,IF(AND(G$8>H$8,G10>H10,G$8<>""),1,IF(AND(G$8<H$8,G10<H10,G$8<>""),1,IF(AND(G$8="",H$8=""),0,0))))))))) -> 5 | J10: 4 | K10: 0 | L10: =IF(AND(J$8=J10,K$8=K10,J$8<>""),5,IF(AND(J$8>K$8,J10>K10,(J$8-K$8)=(J10-K10),J$8<>""),3,IF(AND(J$8<K$8,J10<K10,(K$8-J$8)=(K10-J10),J$8<>""),3,IF(AND((J$8-K$8)=0,(J10-K10)=0,J$8<>""),3,IF(AND(J$8<K$8,J10>K10),0,IF(AND(J$8>K$8,J10<K10),0,IF(AND(J$8>K$8,J10>K10,J$8<>""),1,IF(AND(J$8<K$8,J10<K10,J$8<>""),1,IF(AND(J$8="",K$8=""),0,0))))))))) -> 3 | M10: 1 | N10: 2 | O10: =IF(AND(M$8=M10,N$8=N10,M$8<>""),5,IF(AND(M$8>N$8,M10>N10,(M$8-N$8)=(M10-N10),M$8<>""),3,IF(AND(M$8<N$8,M10<N10,(N$8-M$8)=(N10-M10),M$8<>""),3,IF(AND((M$8-N$8)=0,(M10-N10)=0,M$8<>""),3,IF(AND(M$8<N$8,M10>N10),0,IF(AND(M$8>N$8,M10<N10),0,IF(AND(M$8>N$8,M10>N10,M$8<>""),1,IF(AND(M$8<N$8,M10<N10,M$8<>""),1,IF(AND(M$8="",N$8=""),0,0))))))))) -> 0 | P10: 4 | Q10: 0 | R10: =IF(AND(P$8=P10,Q$8=Q10,P$8<>""),5,IF(AND(P$8>Q$8,P10>Q10,(P$8-Q$8)=(P10-Q10),P$8<>""),3,IF(AND(P$8<Q$8,P10<Q10,(Q$8-P$8)=(Q10-P10),P$8<>""),3,IF(AND((P$8-Q$8)=0,(P10-Q10)=0,P$8<>""),3,IF(AND(P$8<Q$8,P10>Q10),0,IF(AND(P$8>Q$8,P10<Q10),0,IF(AND(P$8>Q$8,P10>Q10,P$8<>""),1,IF(AND(P$8<Q$8,P10<Q10,P$8<>""),1,IF(AND(P$8="",Q$8=""),0,0))))))))) -> 0 | S10: 2 | T10: 2 | U10: =IF(AND(S$8=S10,T$8=T10,S$8<>""),5,IF(AND(S$8>T$8,S10>T10,(S$8-T$8)=(S10-T10),S$8<>""),3,IF(AND(S$8<T$8,S10<T10,(T$8-S$8)=(T10-S10),S$8<>""),3,IF(AND((S$8-T$8)=0,(S10-T10)=0,S$8<>""),3,IF(AND(S$8<T$8,S10>T10),0,IF(AND(S$8>T$8,S10<T10),0,IF(AND(S$8>T$8,S10>T10,S$8<>""),1,IF(AND(S$8<T$8,S10<T10,S$8<>""),1,IF(AND(S$8="",T$8=""),0,0))))))))) -> 3 | V10: 2 | W10: 1 | X10: =IF(AND(V$8=V10,W$8=W10,V$8<>""),5,IF(AND(V$8>W$8,V10>W10,(V$8-W$8)=(V10-W10),V$8<>""),3,IF(AND(V$8<W$8,V10<W10,(W$8-V$8)=(W10-V10),V$8<>""),3,IF(AND((V$8-W$8)=0,(V10-W10)=0,V$8<>""),3,IF(AND(V$8<W$8,V10>W10),0,IF(AND(V$8>W$8,V10<W10),0,IF(AND(V$8>W$8,V10>W10,V$8<>""),1,IF(AND(V$8<W$8,V10<W10,V$8<>""),1,IF(AND(V$8="",W$8=""),0,0))))))))) -> 0 | Y10: 3 | Z10: 1 | AA10: =IF(AND(Y$8=Y10,Z$8=Z10,Y$8<>""),5,IF(AND(Y$8>Z$8,Y10>Z10,(Y$8-Z$8)=(Y10-Z10),Y$8<>""),3,IF(AND(Y$8<Z$8,Y10<Z10,(Z$8-Y$8)=(Z10-Y10),Y$8<>""),3,IF(AND((Y$8-Z$8)=0,(Y10-Z10)=0,Y$8<>""),3,IF(AND(Y$8<Z$8,Y10>Z10),0,IF(AND(Y$8>Z$8,Y10<Z10),0,IF(AND(Y$8>Z$8,Y10>Z10,Y$8<>""),1,IF(AND(Y$8<Z$8,Y10<Z10,Y$8<>""),1,IF(AND(Y$8="",Z$8=""),0,0))))))))) -> 1 | AB10: 3 | AC10: 1 | AD10: =IF(AND(AB$8=AB10,AC$8=AC10,AB$8<>""),5,IF(AND(AB$8>AC$8,AB10>AC10,(AB$8-AC$8)=(AB10-AC10),AB$8<>""),3,IF(AND(AB$8<AC$8,AB10<AC10,(AC$8-AB$8)=(AC10-AB10),AB$8<>""),3,IF(AND((AB$8-AC$8)=0,(AB10-AC10)=0,AB$8<>""),3,IF(AND(AB$8<AC$8,AB10>AC10),0,IF(AND(AB$8>AC$8,AB10<AC10),0,IF(AND(AB$8>AC$8,AB10>AC10,AB$8<>""),1,IF(AND(AB$8<AC$8,AB10<AC10,AB$8<>""),1,IF(AND(AB$8="",AC$8=""),0,0))))))))) -> 0 | AE10: 3 | AF10: 0 | AG10: =IF(AND(AE$8=AE10,AF$8=AF10,AE$8<>""),5,IF(AND(AE$8>AF$8,AE10>AF10,(AE$8-AF$8)=(AE10-AF10),AE$8<>""),3,IF(AND(AE$8<AF$8,AE10<AF10,(AE$8-AF$8)=(AE10-AF10),AE$8<>""),3,IF(AND((AE$8-AF$8)=0,(AE10-AF10)=0,AE$8<>""),3,IF(AND(AE$8<AF$8,AE10>AF10),0,IF(AND(AE$8>AF$8,AE10<AF10),0,IF(AND(AE$8>AF$8,AE10>AF10,AE$8<>""),1,IF(AND(AE$8<AF$8,AE10<AF10,AE$8<>""),1,IF(AND(AE$8="",AF$8=""),0,0))))))))) -> 1 | AH10: 1 | AI10: 2 | AJ10: =IF(AND(AH$8=AH10,AI$8=AI10,AH$8<>""),5,IF(AND(AH$8>AI$8,AH10>AI10,(AH$8-AI$8)=(AH10-AI10),AH$8<>""),3,IF(AND(AH$8<AI$8,AH10<AI10,(AH$8-AI$8)=(AH10-AI10),AH$8<>""),3,IF(AND((AH$8-AI$8)=0,(AH10-AI10)=0,AH$8<>""),3,IF(AND(AH$8<AI$8,AH10>AI10),0,IF(AND(AH$8>AI$8,AH10<AI10),0,IF(AND(AH$8>AI$8,AH10>AI10,AH$8<>""),1,IF(AND(AH$8<AI$8,AH10<AI10,AH$8<>""),1,IF(AND(AH$8="",AI$8=""),0,0))))))))) -> 0 | AK10: 3 | AL10: 1 | AM10: =IF(AND(AK$8=AK10,AL$8=AL10,AK$8<>""),5,IF(AND(AK$8>AL$8,AK10>AL10,(AK$8-AL$8)=(AK10-AL10),AK$8<>""),3,IF(AND(AK$8<AL$8,AK10<AL10,(AK$8-AL$8)=(AK10-AL10),AK$8<>""),3,IF(AND((AK$8-AL$8)=0,(AK10-AL10)=0,AK$8<>""),3,IF(AND(AK$8<AL$8,AK10>AL10),0,IF(AND(AK$8>AL$8,AK10<AL10),0,IF(AND(AK$8>AL$8,AK10>AL10,AK$8<>""),1,IF(AND(AK$8<AL$8,AK10<AL10,AK$8<>""),1,IF(AND(AK$8="",AL$8=""),0,0))))))))) -> 1 | AN10: 1 | AO10: 0 | AP10: =IF(AND(AN$8=AN10,AO$8=AO10,AN$8<>""),5,IF(AND(AN$8>AO$8,AN10>AO10,(AN$8-AO$8)=(AN10-AO10),AN$8<>""),3,IF(AND(AN$8<AO$8,AN10<AO10,(AN$8-AO$8)=(AN10-AO10),AN$8<>""),3,IF(AND((AN$8-AO$8)=0,(AN10-AO10)=0,AN$8<>""),3,IF(AND(AN$8<AO$8,AN10>AO10),0,IF(AND(AN$8>AO$8,AN10<AO10),0,IF(AND(AN$8>AO$8,AN10>AO10,AN$8<>""),1,IF(AND(AN$8<AO$8,AN10<AO10,AN$8<>""),1,IF(AND(AN$8="",AO$8=""),0,0))))))))) -> 5 | AQ10: 3 | AR10: 0 | AS10: =IF(AND(AQ$8=AQ10,AR$8=AR10,AQ$8<>""),5,IF(AND(AQ$8>AR9,AQ10>AR10,(AQ$8-AR$8)=(AQ10-AR10),AQ$8<>""),3,IF(AND(AQ$8<AR$8,AQ10<AR10,(AQ$8-AR$8)=(AQ10-AR10),AQ$8<>""),3,IF(AND((AQ$8-AR$8)=0,(AQ10-AR10)=0,AQ$8<>""),3,IF(AND(AQ$8<AR$8,AQ10>AR10),0,IF(AND(AQ$8>AR$8,AQ10<AR10),0,IF(AND(AQ$8>AR$8,AQ10>AR10,AQ$8<>""),1,IF(AND(AQ$8<AR$8,AQ10<AR10,AQ$8<>""),1,IF(AND(AQ$8="",AR$8=""),0,0))))))))) -> 1 | AT10: 2 | AU10: 0 | AV10: =IF(AND(AT$8=AT10,AU$8=AU10,AT$8<>""),5,IF(AND(AT$8>AU9,AT10>AU10,(AT$8-AU$8)=(AT10-AU10),AT$8<>""),3,IF(AND(AT$8<AU$8,AT10<AU10,(AT$8-AU$8)=(AT10-AU10),AT$8<>""),3,IF(AND((AT$8-AU$8)=0,(AT10-AU10)=0,AT$8<>""),3,IF(AND(AT$8<AU$8,AT10>AU10),0,IF(AND(AT$8>AU$8,AT10<AU10),0,IF(AND(AT$8>AU$8,AT10>AU10,AT$8<>""),1,IF(AND(AT$8<AU$8,AT10<AU10,AT$8<>""),1,IF(AND(AT$8="",AU$8=""),0,0))))))))) -> 0 | AW10: 3 | AX10: 1 | AY10: =IF(AND(AW$8=AW10,AX$8=AX10,AW$8<>""),5,IF(AND(AW$8>AX9,AW10>AX10,(AW$8-AX$8)=(AW10-AX10),AW$8<>""),3,IF(AND(AW$8<AX$8,AW10<AX10,(AW$8-AX$8)=(AW10-AX10),AW$8<>""),3,IF(AND((AW$8-AX$8)=0,(AW10-AX10)=0,AW$8<>""),3,IF(AND(AW$8<AX$8,AW10>AX10),0,IF(AND(AW$8>AX$8,AW10<AX10),0,IF(AND(AW$8>AX$8,AW10>AX10,AW$8<>""),1,IF(AND(AW$8<AX$8,AW10<AX10,AW$8<>""),1,IF(AND(AW$8="",AX$8=""),0,0))))))))) -> 1 | AZ10: 1 | BA10: 3 | BB10: =IF(AND(AZ$8=AZ10,BA$8=BA10,AZ$8<>""),5,IF(AND(AZ$8>BA9,AZ10>BA10,(AZ$8-BA$8)=(AZ10-BA10),AZ$8<>""),3,IF(AND(AZ$8<BA$8,AZ10<BA10,(AZ$8-BA$8)=(AZ10-BA10),AZ$8<>""),3,IF(AND((AZ$8-BA$8)=0,(AZ10-BA10)=0,AZ$8<>""),3,IF(AND(AZ$8<BA$8,AZ10>BA10),0,IF(AND(AZ$8>BA$8,AZ10<BA10),0,IF(AND(AZ$8>BA$8,AZ10>BA10,AZ$8<>""),1,IF(AND(AZ$8<BA$8,AZ10<BA10,AZ$8<>""),1,IF(AND(AZ$8="",BA$8=""),0,0))))))))) -> 1 | BC10: 3 | BD10: 1 | BE10: =IF(AND(BC$8=BC10,BD$8=BD10,BC$8<>""),5,IF(AND(BC$8>BD9,BC10>BD10,(BC$8-BD$8)=(BC10-BD10),BC$8<>""),3,IF(AND(BC$8<BD$8,BC10<BD10,(BC$8-BD$8)=(BC10-BD10),BC$8<>""),3,IF(AND((BC$8-BD$8)=0,(BC10-BD10)=0,BC$8<>""),3,IF(AND(BC$8<BD$8,BC10>BD10),0,IF(AND(BC$8>BD$8,BC10<BD10),0,IF(AND(BC$8>BD$8,BC10>BD10,BC$8<>""),1,IF(AND(BC$8<BD$8,BC10<BD10,BC$8<>""),1,IF(AND(BC$8="",BD$8=""),0,0))))))))) -> 0 | BF10: 3 | BG10: 0 | BH10: =IF(AND(BF$8=BF10,BG$8=BG10,BF$8<>""),5,IF(AND(BF$8>BG9,BF10>BG10,(BF$8-BG$8)=(BF10-BG10),BF$8<>""),3,IF(AND(BF$8<BG$8,BF10<BG10,(BF$8-BG$8)=(BF10-BG10),BF$8<>""),3,IF(AND((BF$8-BG$8)=0,(BF10-BG10)=0,BF$8<>""),3,IF(AND(BF$8<BG$8,BF10>BG10),0,IF(AND(BF$8>BG$8,BF10<BG10),0,IF(AND(BF$8>BG$8,BF10>BG10,BF$8<>""),1,IF(AND(BF$8<BG$8,BF10<BG10,BF$8<>""),1,IF(AND(BF$8="",BG$8=""),0,0))))))))) -> 0 | BI10: 2 | BJ10: 0 | BK10: =IF(AND(BI$8=BI10,BJ$8=BJ10,BI$8<>""),5,IF(AND(BI$8>BJ9,BI10>BJ10,(BI$8-BJ$8)=(BI10-BJ10),BI$8<>""),3,IF(AND(BI$8<BJ$8,BI10<BJ10,(BI$8-BJ$8)=(BI10-BJ10),BI$8<>""),3,IF(AND((BI$8-BJ$8)=0,(BI10-BJ10)=0,BI$8<>""),3,IF(AND(BI$8<BJ$8,BI10>BJ10),0,IF(AND(BI$8>BJ$8,BI10<BJ10),0,IF(AND(BI$8>BJ$8,BI10>BJ10,BI$8<>""),1,IF(AND(BI$8<BJ$8,BI10<BJ10,BI$8<>""),1,IF(AND(BI$8="",BJ$8=""),0,0))))))))) -> 0 | BL10: 3 | BM10: 1 | BN10: =IF(AND(BL$8=BL10,BM$8=BM10,BL$8<>""),5,IF(AND(BL$8>BM9,BL10>BM10,(BL$8-BM$8)=(BL10-BM10),BL$8<>""),3,IF(AND(BL$8<BM$8,BL10<BM10,(BL$8-BM$8)=(BL10-BM10),BL$8<>""),3,IF(AND((BM$8-BL$8)=0,(BL10-BM10)=0,BL$8<>""),3,IF(AND(BL$8<BM$8,BL10>BM10),0,IF(AND(BL$8>BM$8,BL10<BM10),0,IF(AND(BL$8>BM$8,BL10>BM10,BL$8<>""),1,IF(AND(BL$8<BM$8,BL10<BM10,BL$8<>""),1,IF(AND(BL$8="",BM$8=""),0,0))))))))) -> 0 | BO10: 2 | BP10: 1 | BQ10: =IF(AND(BO$8=BO10,BP$8=BP10,BO$8<>""),5,IF(AND(BO$8>BP9,BO10>BP10,(BO$8-BP$8)=(BO10-BP10),BO$8<>""),3,IF(AND(BO$8<BP$8,BO10<BP10,(BO$8-BP$8)=(BO10-BP10),BO$8<>""),3,IF(AND((BO$8-BP$8)=0,(BO10-BP10)=0,BO$8<>""),3,IF(AND(BO$8<BP$8,BO10>BP10),0,IF(AND(BO$8>BP$8,BO10<BP10),0,IF(AND(BO$8>BP$8,BO10>BP10,BO$8<>""),1,IF(AND(BO$8<BP$8,BO10<BP10,BO$8<>""),1,IF(AND(BO$8="",BP$8=""),0,0))))))))) -> 0 | BR10: 2 | BS10: 2 | BT10: =IF(AND(BR$8=BR10,BS$8=BS10,BR$8<>""),5,IF(AND(BR$8>BS9,BR10>BS10,(BR$8-BS$8)=(BR10-BS10),BR$8<>""),3,IF(AND(BR$8<BS$8,BR10<BS10,(BR$8-BS$8)=(BR10-BS10),BR$8<>""),3,IF(AND((BR$8-BS$8)=0,(BR10-BS10)=0,BR$8<>""),3,IF(AND(BR$8<BS$8,BR10>BS10),0,IF(AND(BR$8>BS$8,BR10<BS10),0,IF(AND(BR$8>BS$8,BR10>BS10,BR$8<>""),1,IF(AND(BR$8<BS$8,BR10<BS10,BR$8<>""),1,IF(AND(BR$8="",BS$8=""),0,0))))))))) -> 0 | BU10: 2 | BV10: 0 | BW10: =IF(AND(BU$8=BU10,BV$8=BV10,BU$8<>""),5,IF(AND(BU$8>BV9,BU10>BV10,(BU$8-BV$8)=(BU10-BV10),BU$8<>""),3,IF(AND(BU$8<BV$8,BU10<BV10,(BU$8-BV$8)=(BU10-BV10),BU$8<>""),3,IF(AND((BU$8-BV$8)=0,(BU10-BV10)=0,BU$8<>""),3,IF(AND(BU$8<BV$8,BU10>BV10),0,IF(AND(BU$8>BV$8,BU10<BV10),0,IF(AND(BU$8>BV$8,BU10>BV10,BU$8<>""),1,IF(AND(BU$8<BV$8,BU10<BV10,BU$8<>""),1,IF(AND(BU$8="",BV$8=""),0,0))))))))) -> 0 | BX10: 2 | BY10: 1 | BZ10: =IF(AND(BX$8=BX10,BY$8=BY10,BX$8<>""),5,IF(AND(BX$8>BY9,BX10>BY10,(BX$8-BY$8)=(BX10-BY10),BX$8<>""),3,IF(AND(BX$8<BY$8,BX10<BY10,(BX$8-BY$8)=(BX10-BY10),BX$8<>""),3,IF(AND((BX$8-BY$8)=0,(BX10-BY10)=0,BX$8<>""),3,IF(AND(BX$8<BY$8,BX10>BY10),0,IF(AND(BX$8>BY$8,BX10<BY10),0,IF(AND(BX$8>BY$8,BX10>BY10,BX$8<>""),1,IF(AND(BX$8<BY$8,BX10<BY10,BX$8<>""),1,IF(AND(BX$8="",BY$8=""),0,0))))))))) -> 0 | CA10: 2 | CB10: 2 | CC10: =IF(AND(CA$8=CA10,CB$8=CB10,CA$8<>""),5,IF(AND(CA$8>CB9,CA10>CB10,(CA$8-CB$8)=(CA10-CB10),CA$8<>""),3,IF(AND(CA$8<CB$8,CA10<CB10,(CA$8-CB$8)=(CA10-CB10),CA$8<>""),3,IF(AND((CA$8-CB$8)=0,(CA10-CB10)=0,CA$8<>""),3,IF(AND(CA$8<CB$8,CA10>CB10),0,IF(AND(CA$8>CB$8,CA10<CB10),0,IF(AND(CA$8>CB$8,CA10>CB10,CA$8<>""),1,IF(AND(CA$8<CB$8,CA10<CB10,CA$8<>""),1,IF(AND(CA$8="",CB$8=""),0,0))))))))) -> 0 | CD10: 2 | CE10: 0 | CF10: =IF(AND(CD$8=CD10,CE$8=CE10,CD$8<>""),5,IF(AND(CD$8>CE9,CD10>CE10,(CD$8-CE$8)=(CD10-CE10),CD$8<>""),3,IF(AND(CD$8<CE$8,CD10<CE10,(CD$8-CE$8)=(CD10-CE10),CD$8<>""),3,IF(AND((CD$8-CE$8)=0,(CD10-CE10)=0,CD$8<>""),3,IF(AND(CD$8<CE$8,CD10>CE10),0,IF(AND(CD$8>CE$8,CD10<CE10),0,IF(AND(CD$8>CE$8,CD10>CE10,CD$8<>""),1,IF(AND(CD$8<CE$8,CD10<CE10,CD$8<>""),1,IF(AND(CD$8="",CE$8=""),0,0))))))))) -> 0 | CG10: 1 | CH10: 0 | CI10: =IF(AND(CG$8=CG10,CH$8=CH10,CG$8<>""),5,IF(AND(CG$8>CH9,CG10>CH10,(CG$8-CH$8)=(CG10-CH10),CG$8<>""),3,IF(AND(CG$8<CH$8,CG10<CH10,(CG$8-CH$8)=(CG10-CH10),CG$8<>""),3,IF(AND((CG$8-CH$8)=0,(CG10-CH10)=0,CG$8<>""),3,IF(AND(CG$8<CH$8,CG10>CH10),0,IF(AND(CG$8>CH$8,CG10<CH10),0,IF(AND(CG$8>CH$8,CG10>CH10,CG$8<>""),1,IF(AND(CG$8<CH$8,CG10<CH10,CG$8<>""),1,IF(AND(CG$8="",CH$8=""),0,0))))))))) -> 0 | CJ10: 1 | CK10: 2 | CL10: =IF(AND(CJ$8=CJ10,CK$8=CK10,CJ$8<>""),5,IF(AND(CJ$8>CK9,CJ10>CK10,(CJ$8-CK$8)=(CJ10-CK10),CJ$8<>""),3,IF(AND(CJ$8<CK$8,CJ10<CK10,(CJ$8-CK$8)=(CJ10-CK10),CJ$8<>""),3,IF(AND((CJ$8-CK$8)=0,(CJ10-CK10)=0,CJ$8<>""),3,IF(AND(CJ$8<CK$8,CJ10>CK10),0,IF(AND(CJ$8>CK$8,CJ10<CK10),0,IF(AND(CJ$8>CK$8,CJ10>CK10,CJ$8<>""),1,IF(AND(CJ$8<CK$8,CJ10<CK10,CJ$8<>""),1,IF(AND(CJ$8="",CK$8=""),0,0))))))))) -> 0 | CM10: 3 | CN10: 1 | CO10: =IF(AND(CM$8=CM10,CN$8=CN10,CM$8<>""),5,IF(AND(CM$8>CN9,CM10>CN10,(CM$8-CN$8)=(CM10-CN10),CM$8<>""),3,IF(AND(CM$8<CN$8,CM10<CN10,(CM$8-CN$8)=(CM10-CN10),CM$8<>""),3,IF(AND((CM$8-CN$8)=0,(CM10-CN10)=0,CM$8<>""),3,IF(AND(CM$8<CN$8,CM10>CN10),0,IF(AND(CM$8>CN$8,CM10<CN10),0,IF(AND(CM$8>CN$8,CM10>CN10,CM$8<>""),1,IF(AND(CM$8<CN$8,CM10<CN10,CM$8<>""),1,IF(AND(CM$8="",CN$8=""),0,0))))))))) -> 0 | CP10: 1 | CQ10: 2 | CR10: =IF(AND(CP$8=CP10,CQ$8=CQ10,CP$8<>""),5,IF(AND(CP$8>CQ9,CP10>CQ10,(CP$8-CQ$8)=(CP10-CQ10),CP$8<>""),3,IF(AND(CP$8<CQ$8,CP10<CQ10,(CP$8-CQ$8)=(CP10-CQ10),CP$8<>""),3,IF(AND((CP$8-CQ$8)=0,(CP10-CQ10)=0,CP$8<>""),3,IF(AND(CP$8<CQ$8,CP10>CQ10),0,IF(AND(CP$8>CQ$8,CP10<CQ10),0,IF(AND(CP$8>CQ$8,CP10>CQ10,CP$8<>""),1,IF(AND(CP$8<CQ$8,CP10<CQ10,CP$8<>""),1,IF(AND(CP$8="",CQ$8=""),0,0))))))))) -> 0 | CS10: 1 | CT10: 0 | CU10: =IF(AND(CS$8=CS10,CT$8=CT10,CS$8<>""),5,IF(AND(CS$8>CT9,CS10>CT10,(CS$8-CT$8)=(CS10-CT10),CS$8<>""),3,IF(AND(CS$8<CT$8,CS10<CT10,(CS$8-CT$8)=(CS10-CT10),CS$8<>""),3,IF(AND((CS$8-CT$8)=0,(CS10-CT10)=0,CS$8<>""),3,IF(AND(CS$8<CT$8,CS10>CT10),0,IF(AND(CS$8>CT$8,CS10<CT10),0,IF(AND(CS$8>CT$8,CS10>CT10,CS$8<>""),1,IF(AND(CS$8<CT$8,CS10<CT10,CS$8<>""),1,IF(AND(CS$8="",CT$8=""),0,0))))))))) -> 0 | CV10: 1 | CW10: 0 | CX10: =IF(AND(CV$8=CV10,CW$8=CW10,CV$8<>""),5,IF(AND(CV$8>CW9,CV10>CW10,(CV$8-CW$8)=(CV10-CW10),CV$8<>""),3,IF(AND(CV$8<CW$8,CV10<CW10,(CV$8-CW$8)=(CV10-CW10),CV$8<>""),3,IF(AND((CV$8-CW$8)=0,(CV10-CW10)=0,CV$8<>""),3,IF(AND(CV$8<CW$8,CV10>CW10),0,IF(AND(CV$8>CW$8,CV10<CW10),0,IF(AND(CV$8>CW$8,CV10>CW10,CV$8<>""),1,IF(AND(CV$8<CW$8,CV10<CW10,CV$8<>""),1,IF(AND(CV$8="",CW$8=""),0,0))))))))) -> 0 | CY10: 3 | CZ10: 0 | DA10: =IF(AND(CY$8=CY10,CZ$8=CZ10,CY$8<>""),5,IF(AND(CY$8>CZ9,CY10>CZ10,(CY$8-CZ$8)=(CY10-CZ10),CY$8<>""),3,IF(AND(CY$8<CZ$8,CY10<CZ10,(CY$8-CZ$8)=(CY10-CZ10),CY$8<>""),3,IF(AND((CY$8-CZ$8)=0,(CY10-CZ10)=0,CY$8<>""),3,IF(AND(CY$8<CZ$8,CY10>CZ10),0,IF(AND(CY$8>CZ$8,CY10<CZ10),0,IF(AND(CY$8>CZ$8,CY10>CZ10,CY$8<>""),1,IF(AND(CY$8<CZ$8,CY10<CZ10,CY$8<>""),1,IF(AND(CY$8="",CZ$8=""),0,0))))))))) -> 0 | DB10: 1 | DC10: 3 | DD10: =IF(AND(DB$8=DB10,DC$8=DC10,DB$8<>""),5,IF(AND(DB$8>DC9,DB10>DC10,(DB$8-DC$8)=(DB10-DC10),DB$8<>""),3,IF(AND(DB$8<DC$8,DB10<DC10,(DB$8-DC$8)=(DB10-DC10),DB$8<>""),3,IF(AND((DB$8-DC$8)=0,(DB10-DC10)=0,DB$8<>""),3,IF(AND(DB$8<DC$8,DB10>DC10),0,IF(AND(DB$8>DC$8,DB10<DC10),0,IF(AND(DB$8>DC$8,DB10>DC10,DB$8<>""),1,IF(AND(DB$8<DC$8,DB10<DC10,DB$8<>""),1,IF(AND(DB$8="",DC$8=""),0,0))))))))) -> 0 | DE10: 1 | DF10: 3 | DG10: =IF(AND(DE$8=DE10,DF$8=DF10,DE$8<>""),5,IF(AND(DE$8>DF9,DE10>DF10,(DE$8-DF$8)=(DE10-DF10),DE$8<>""),3,IF(AND(DE$8<DF$8,DE10<DF10,(DE$8-DF$8)=(DE10-DF10),DE$8<>""),3,IF(AND((DE$8-DF$8)=0,(DE10-DF10)=0,DE$8<>""),3,IF(AND(DE$8<DF$8,DE10>DF10),0,IF(AND(DE$8>DF$8,DE10<DF10),0,IF(AND(DE$8>DF$8,DE10>DF10,DE$8<>""),1,IF(AND(DE$8<DF$8,DE10<DF10,DE$8<>""),1,IF(AND(DE$8="",DF$8=""),0,0))))))))) -> 0 | DH10: 0 | DI10: 2 | DJ10: =IF(AND(DH$8=DH10,DI$8=DI10,DH$8<>""),5,IF(AND(DH$8>DI9,DH10>DI10,(DH$8-DI$8)=(DH10-DI10),DH$8<>""),3,IF(AND(DH$8<DI$8,DH10<DI10,(DH$8-DI$8)=(DH10-DI10),DH$8<>""),3,IF(AND((DH$8-DI$8)=0,(DH10-DI10)=0,DH$8<>""),3,IF(AND(DH$8<DI$8,DH10>DI10),0,IF(AND(DH$8>DI$8,DH10<DI10),0,IF(AND(DH$8>DI$8,DH10>DI10,DH$8<>""),1,IF(AND(DH$8<DI$8,DH10<DI10,DH$8<>""),1,IF(AND(DH$8="",DI$8=""),0,0))))))))) -> 0 | DK10: 1 | DL10: 2 | DM10: =IF(AND(DK$8=DK10,DL$8=DL10,DK$8<>""),5,IF(AND(DK$8>DL9,DK10>DL10,(DK$8-DL$8)=(DK10-DL10),DK$8<>""),3,IF(AND(DK$8<DL$8,DK10<DL10,(DK$8-DL$8)=(DK10-DL10),DK$8<>""),3,IF(AND((DK$8-DL$8)=0,(DK10-DL10)=0,DK$8<>""),3,IF(AND(DK$8<DL$8,DK10>DL10),0,IF(AND(DK$8>DL$8,DK10<DL10),0,IF(AND(DK$8>DL$8,DK10>DL10,DK$8<>""),1,IF(AND(DK$8<DL$8,DK10<DL10,DK$8<>""),1,IF(AND(DK$8="",DL$8=""),0,0))))))))) -> 0 | DN10: 1 | DO10: 4 | DP10: =IF(AND(DN$8=DN10,DO$8=DO10,DN$8<>""),5,IF(AND(DN$8>DO9,DN10>DO10,(DN$8-DO$8)=(DN10-DO10),DN$8<>""),3,IF(AND(DN$8<DO$8,DN10<DO10,(DN$8-DO$8)=(DN10-DO10),DN$8<>""),3,IF(AND((DN$8-DO$8)=0,(DN10-DO10)=0,DN$8<>""),3,IF(AND(DN$8<DO$8,DN10>DO10),0,IF(AND(DN$8>DO$8,DN10<DO10),0,IF(AND(DN$8>DO$8,DN10>DO10,DN$8<>""),1,IF(AND(DN$8<DO$8,DN10<DO10,DN$8<>""),1,IF(AND(DN$8="",DO$8=""),0,0))))))))) -> 0 | DQ10: 0 | DR10: 2 | DS10: =IF(AND(DQ$8=DQ10,DR$8=DR10,DQ$8<>""),5,IF(AND(DQ$8>DR9,DQ10>DR10,(DQ$8-DR$8)=(DQ10-DR10),DQ$8<>""),3,IF(AND(DQ$8<DR$8,DQ10<DR10,(DQ$8-DR$8)=(DQ10-DR10),DQ$8<>""),3,IF(AND((DQ$8-DR$8)=0,(DQ10-DR10)=0,DQ$8<>""),3,IF(AND(DQ$8<DR$8,DQ10>DR10),0,IF(AND(DQ$8>DR$8,DQ10<DR10),0,IF(AND(DQ$8>DR$8,DQ10>DR10,DQ$8<>""),1,IF(AND(DQ$8<DR$8,DQ10<DR10,DQ$8<>""),1,IF(AND(DQ$8="",DR$8=""),0,0))))))))) -> 0 | DT10: 0 | DU10: 2 | DV10: =IF(AND(DT$8=DT10,DU$8=DU10,DT$8<>""),5,IF(AND(DT$8>DU9,DT10>DU10,(DT$8-DU$8)=(DT10-DU10),DT$8<>""),3,IF(AND(DT$8<DU$8,DT10<DU10,(DT$8-DU$8)=(DT10-DU10),DT$8<>""),3,IF(AND((DT$8-DU$8)=0,(DT10-DU10)=0,DT$8<>""),3,IF(AND(DT$8<DU$8,DT10>DU10),0,IF(AND(DT$8>DU$8,DT10<DU10),0,IF(AND(DT$8>DU$8,DT10>DU10,DT$8<>""),1,IF(AND(DT$8<DU$8,DT10<DU10,DT$8<>""),1,IF(AND(DT$8="",DU$8=""),0,0))))))))) -> 0 | DW10: 0 | DX10: 3 | DY10: =IF(AND(DW$8=DW10,DX$8=DX10,DW$8<>""),5,IF(AND(DW$8>DX9,DW10>DX10,(DW$8-DX$8)=(DW10-DX10),DW$8<>""),3,IF(AND(DW$8<DX$8,DW10<DX10,(DW$8-DX$8)=(DW10-DX10),DW$8<>""),3,IF(AND((DW$8-DX$8)=0,(DW10-DX10)=0,DW$8<>""),3,IF(AND(DW$8<DX$8,DW10>DX10),0,IF(AND(DW$8>DX$8,DW10<DX10),0,IF(AND(DW$8>DX$8,DW10>DX10,DW$8<>""),1,IF(AND(DW$8<DX$8,DW10<DX10,DW$8<>""),1,IF(AND(DW$8="",DX$8=""),0,0))))))))) -> 0 | DZ10: 1 | EA10: 2 | EB10: =IF(AND(DZ$8=DZ10,EA$8=EA10,DZ$8<>""),5,IF(AND(DZ$8>EA9,DZ10>EA10,(DZ$8-EA$8)=(DZ10-EA10),DZ$8<>""),3,IF(AND(DZ$8<EA$8,DZ10<EA10,(DZ$8-EA$8)=(DZ10-EA10),DZ$8<>""),3,IF(AND((DZ$8-EA$8)=0,(DZ10-EA10)=0,DZ$8<>""),3,IF(AND(DZ$8<EA$8,DZ10>EA10),0,IF(AND(DZ$8>EA$8,DZ10<EA10),0,IF(AND(DZ$8>EA$8,DZ10>EA10,DZ$8<>""),1,IF(AND(DZ$8<EA$8,DZ10<EA10,DZ$8<>""),1,IF(AND(DZ$8="",EA$8=""),0,0))))))))) -> 0 | EC10: 2 | ED10: 1 | EE10: =IF(AND(EC$8=EC10,ED$8=ED10,EC$8<>""),5,IF(AND(EC$8>ED9,EC10>ED10,(EC$8-ED$8)=(EC10-ED10),EC$8<>""),3,IF(AND(EC$8<ED$8,EC10<ED10,(EC$8-ED$8)=(EC10-ED10),EC$8<>""),3,IF(AND((EC$8-ED$8)=0,(EC10-ED10)=0,EC$8<>""),3,IF(AND(EC$8<ED$8,EC10>ED10),0,IF(AND(EC$8>ED$8,EC10<ED10),0,IF(AND(EC$8>ED$8,EC10>ED10,EC$8<>""),1,IF(AND(EC$8<ED$8,EC10<ED10,EC$8<>""),1,IF(AND(EC$8="",ED$8=""),0,0))))))))) -> 0 | EF10: 1 | EG10: 1 | EH10: =IF(AND(EF$8=EF10,EG$8=EG10,EF$8<>""),5,IF(AND(EF$8>EG9,EF10>EG10,(EF$8-EG$8)=(EF10-EG10),EF$8<>""),3,IF(AND(EF$8<EG$8,EF10<EG10,(EF$8-EG$8)=(EF10-EG10),EF$8<>""),3,IF(AND((EF$8-EG$8)=0,(EF10-EG10)=0,EF$8<>""),3,IF(AND(EF$8<EG$8,EF10>EG10),0,IF(AND(EF$8>EG$8,EF10<EG10),0,IF(AND(EF$8>EG$8,EF10>EG10,EF$8<>""),1,IF(AND(EF$8<EG$8,EF10<EG10,EF$8<>""),1,IF(AND(EF$8="",EG$8=""),0,0))))))))) -> 0 | EI10: 0 | EJ10: 3 | EK10: =IF(AND(EI$8=EI10,EJ$8=EJ10,EI$8<>""),5,IF(AND(EI$8>EJ9,EI10>EJ10,(EI$8-EJ$8)=(EI10-EJ10),EI$8<>""),3,IF(AND(EI$8<EJ$8,EI10<EJ10,(EI$8-EJ$8)=(EI10-EJ10),EI$8<>""),3,IF(AND((EI$8-EJ$8)=0,(EI10-EJ10)=0,EI$8<>""),3,IF(AND(EI$8<EJ$8,EI10>EJ10),0,IF(AND(EI$8>EJ$8,EI10<EJ10),0,IF(AND(EI$8>EJ$8,EI10>EJ10,EI$8<>""),1,IF(AND(EI$8<EJ$8,EI10<EJ10,EI$8<>""),1,IF(AND(EI$8="",EJ$8=""),0,0))))))))) -> 0 | EL10: 0 | EM10: 3 | EN10: =IF(AND(EL$8=EL10,EM$8=EM10,EL$8<>""),5,IF(AND(EL$8>EM9,EL10>EM10,(EL$8-EM$8)=(EL10-EM10),EL$8<>""),3,IF(AND(EL$8<EM$8,EL10<EM10,(EL$8-EM$8)=(EL10-EM10),EL$8<>""),3,IF(AND((EL$8-EM$8)=0,(EL10-EM10)=0,EL$8<>""),3,IF(AND(EL$8<EM$8,EL10>EM10),0,IF(AND(EL$8>EM$8,EL10<EM10),0,IF(AND(EL$8>EM$8,EL10>EM10,EL$8<>""),1,IF(AND(EL$8<EM$8,EL10<EM10,EL$8<>""),1,IF(AND(EL$8="",EM$8=""),0,0))))))))) -> 0 | EO10: 1 | EP10: 2 | EQ10: =IF(AND(EO$8=EO10,EP$8=EP10,EO$8<>""),5,IF(AND(EO$8>EP9,EO10>EP10,(EO$8-EP$8)=(EO10-EP10),EO$8<>""),3,IF(AND(EO$8<EP$8,EO10<EP10,(EO$8-EP$8)=(EO10-EP10),EO$8<>""),3,IF(AND((EO$8-EP$8)=0,(EO10-EP10)=0,EO$8<>""),3,IF(AND(EO$8<EP$8,EO10>EP10),0,IF(AND(EO$8>EP$8,EO10<EP10),0,IF(AND(EO$8>EP$8,EO10>EP10,EO$8<>""),1,IF(AND(EO$8<EP$8,EO10<EP10,EO$8<>""),1,IF(AND(EO$8="",EP$8=""),0,0))))))))) -> 0 | ER10: =F10+I10+L10+O10+R10+U10+X10+AA10+AD10+AG10+AJ10+AM10+AP10+AS10+AV10+AY10+BB10+BE10+BH10+BK10+BN10+BQ10+BT10+BW10+BZ10+CC10+CF10+CI10+CL10+CO10+CR10+CU10+CX10+DA10+DD10+DG10+DJ10+DM10+DP10+DS10+DV10+DY10+EB10+EE10+EH10+EK10+EN10+EQ10 -> 27
A11: 3 | B11: SHAKIRA PORRAS | C11: =ER11 -> 26 | D11: 1 | E11: 2 | F11: =IF(AND(D$8=D11,E$8=E11,D$8<>""),5,IF(AND(D$8>E$8,D11>E11,(D$8-E$8)=(D11-E11),D$8<>""),3,IF(AND(D$8<E$8,D11<E11,(E$8-D$8)=(E11-D11),D$8<>""),3,IF(AND((D$8-E$8)=0,(D11-E11)=0,D$8<>""),3,IF(AND(D$8<E$8,D11>E11),0,IF(AND(D$8>E$8,D11<E11),0,IF(AND(D$8>E$8,D11>E11,D$8<>""),1,IF(AND(D$8<E$8,D11<E11,D$8<>""),1,IF(AND(D$8="",E$8=""),0,0))))))))) -> 1 | G11: 1 | H11: 3 | I11: =IF(AND(G$8=G11,H$8=H11,G$8<>""),5,IF(AND(G$8>H$8,G11>H11,(G$8-H$8)=(G11-H11),G$8<>""),3,IF(AND(G$8<H$8,G11<H11,(H$8-G$8)=(H11-G11),G$8<>""),3,IF(AND((G$8-H$8)=0,(G11-H11)=0,G$8<>""),3,IF(AND(G$8<H$8,G11>H11),0,IF(AND(G$8>H$8,G11<H11),0,IF(AND(G$8>H$8,G11>H11,G$8<>""),1,IF(AND(G$8<H$8,G11<H11,G$8<>""),1,IF(AND(G$8="",H$8=""),0,0))))))))) -> 3 | J11: 3 | K11: 1 | L11: =IF(AND(J$8=J11,K$8=K11,J$8<>""),5,IF(AND(J$8>K$8,J11>K11,(J$8-K$8)=(J11-K11),J$8<>""),3,IF(AND(J$8<K$8,J11<K11,(K$8-J$8)=(K11-J11),J$8<>""),3,IF(AND((J$8-K$8)=0,(J11-K11)=0,J$8<>""),3,IF(AND(J$8<K$8,J11>K11),0,IF(AND(J$8>K$8,J11<K11),0,IF(AND(J$8>K$8,J11>K11,J$8<>""),1,IF(AND(J$8<K$8,J11<K11,J$8<>""),1,IF(AND(J$8="",K$8=""),0,0))))))))) -> 1 | M11: 1 | N11: 1 | O11: =IF(AND(M$8=M11,N$8=N11,M$8<>""),5,IF(AND(M$8>N$8,M11>N11,(M$8-N$8)=(M11-N11),M$8<>""),3,IF(AND(M$8<N$8,M11<N11,(N$8-M$8)=(N11-M11),M$8<>""),3,IF(AND((M$8-N$8)=0,(M11-N11)=0,M$8<>""),3,IF(AND(M$8<N$8,M11>N11),0,IF(AND(M$8>N$8,M11<N11),0,IF(AND(M$8>N$8,M11>N11,M$8<>""),1,IF(AND(M$8<N$8,M11<N11,M$8<>""),1,IF(AND(M$8="",N$8=""),0,0))))))))) -> 5 | P11: 4 | Q11: 0 | R11: =IF(AND(P$8=P11,Q$8=Q11,P$8<>""),5,IF(AND(P$8>Q$8,P11>Q11,(P$8-Q$8)=(P11-Q11),P$8<>""),3,IF(AND(P$8<Q$8,P11<Q11,(Q$8-P$8)=(Q11-P11),P$8<>""),3,IF(AND((P$8-Q$8)=0,(P11-Q11)=0,P$8<>""),3,IF(AND(P$8<Q$8,P11>Q11),0,IF(AND(P$8>Q$8,P11<Q11),0,IF(AND(P$8>Q$8,P11>Q11,P$8<>""),1,IF(AND(P$8<Q$8,P11<Q11,P$8<>""),1,IF(AND(P$8="",Q$8=""),0,0))))))))) -> 0 | S11: 1 | T11: 2 | U11: =IF(AND(S$8=S11,T$8=T11,S$8<>""),5,IF(AND(S$8>T$8,S11>T11,(S$8-T$8)=(S11-T11),S$8<>""),3,IF(AND(S$8<T$8,S11<T11,(T$8-S$8)=(T11-S11),S$8<>""),3,IF(AND((S$8-T$8)=0,(S11-T11)=0,S$8<>""),3,IF(AND(S$8<T$8,S11>T11),0,IF(AND(S$8>T$8,S11<T11),0,IF(AND(S$8>T$8,S11>T11,S$8<>""),1,IF(AND(S$8<T$8,S11<T11,S$8<>""),1,IF(AND(S$8="",T$8=""),0,0))))))))) -> 0 | V11: 3 | W11: 1 | X11: =IF(AND(V$8=V11,W$8=W11,V$8<>""),5,IF(AND(V$8>W$8,V11>W11,(V$8-W$8)=(V11-W11),V$8<>""),3,IF(AND(V$8<W$8,V11<W11,(W$8-V$8)=(W11-V11),V$8<>""),3,IF(AND((V$8-W$8)=0,(V11-W11)=0,V$8<>""),3,IF(AND(V$8<W$8,V11>W11),0,IF(AND(V$8>W$8,V11<W11),0,IF(AND(V$8>W$8,V11>W11,V$8<>""),1,IF(AND(V$8<W$8,V11<W11,V$8<>""),1,IF(AND(V$8="",W$8=""),0,0))))))))) -> 0 | Y11: 3 | Z11: 0 | AA11: =IF(AND(Y$8=Y11,Z$8=Z11,Y$8<>""),5,IF(AND(Y$8>Z$8,Y11>Z11,(Y$8-Z$8)=(Y11-Z11),Y$8<>""),3,IF(AND(Y$8<Z$8,Y11<Z11,(Z$8-Y$8)=(Z11-Y11),Y$8<>""),3,IF(AND((Y$8-Z$8)=0,(Y11-Z11)=0,Y$8<>""),3,IF(AND(Y$8<Z$8,Y11>Z11),0,IF(AND(Y$8>Z$8,Y11<Z11),0,IF(AND(Y$8>Z$8,Y11>Z11,Y$8<>""),1,IF(AND(Y$8<Z$8,Y11<Z11,Y$8<>""),1,IF(AND(Y$8="",Z$8=""),0,0))))))))) -> 3 | AB11: 2 | AC11: 0 | AD11: =IF(AND(AB$8=AB11,AC$8=AC11,AB$8<>""),5,IF(AND(AB$8>AC$8,AB11>AC11,(AB$8-AC$8)=(AB11-AC11),AB$8<>""),3,IF(AND(AB$8<AC$8,AB11<AC11,(AC$8-AB$8)=(AC11-AB11),AB$8<>""),3,IF(AND((AB$8-AC$8)=0,(AB11-AC11)=0,AB$8<>""),3,IF(AND(AB$8<AC$8,AB11>AC11),0,IF(AND(AB$8>AC$8,AB11<AC11),0,IF(AND(AB$8>AC$8,AB11>AC11,AB$8<>""),1,IF(AND(AB$8<AC$8,AB11<AC11,AB$8<>""),1,IF(AND(AB$8="",AC$8=""),0,0))))))))) -> 0 | AE11: 1 | AF11: 0 | AG11: =IF(AND(AE$8=AE11,AF$8=AF11,AE$8<>""),5,IF(AND(AE$8>AF$8,AE11>AF11,(AE$8-AF$8)=(AE11-AF11),AE$8<>""),3,IF(AND(AE$8<AF$8,AE11<AF11,(AE$8-AF$8)=(AE11-AF11),AE$8<>""),3,IF(AND((AE$8-AF$8)=0,(AE11-AF11)=0,AE$8<>""),3,IF(AND(AE$8<AF$8,AE11>AF11),0,IF(AND(AE$8>AF$8,AE11<AF11),0,IF(AND(AE$8>AF$8,AE11>AF11,AE$8<>""),1,IF(AND(AE$8<AF$8,AE11<AF11,AE$8<>""),1,IF(AND(AE$8="",AF$8=""),0,0))))))))) -> 1 | AH11: 1 | AI11: 2 | AJ11: =IF(AND(AH$8=AH11,AI$8=AI11,AH$8<>""),5,IF(AND(AH$8>AI$8,AH11>AI11,(AH$8-AI$8)=(AH11-AI11),AH$8<>""),3,IF(AND(AH$8<AI$8,AH11<AI11,(AH$8-AI$8)=(AH11-AI11),AH$8<>""),3,IF(AND((AH$8-AI$8)=0,(AH11-AI11)=0,AH$8<>""),3,IF(AND(AH$8<AI$8,AH11>AI11),0,IF(AND(AH$8>AI$8,AH11<AI11),0,IF(AND(AH$8>AI$8,AH11>AI11,AH$8<>""),1,IF(AND(AH$8<AI$8,AH11<AI11,AH$8<>""),1,IF(AND(AH$8="",AI$8=""),0,0))))))))) -> 0 | AK11: 4 | AL11: 0 | AM11: =IF(AND(AK$8=AK11,AL$8=AL11,AK$8<>""),5,IF(AND(AK$8>AL$8,AK11>AL11,(AK$8-AL$8)=(AK11-AL11),AK$8<>""),3,IF(AND(AK$8<AL$8,AK11<AL11,(AK$8-AL$8)=(AK11-AL11),AK$8<>""),3,IF(AND((AK$8-AL$8)=0,(AK11-AL11)=0,AK$8<>""),3,IF(AND(AK$8<AL$8,AK11>AL11),0,IF(AND(AK$8>AL$8,AK11<AL11),0,IF(AND(AK$8>AL$8,AK11>AL11,AK$8<>""),1,IF(AND(AK$8<AL$8,AK11<AL11,AK$8<>""),1,IF(AND(AK$8="",AL$8=""),0,0))))))))) -> 1 | AN11: 1 | AO11: 0 | AP11: =IF(AND(AN$8=AN11,AO$8=AO11,AN$8<>""),5,IF(AND(AN$8>AO$8,AN11>AO11,(AN$8-AO$8)=(AN11-AO11),AN$8<>""),3,IF(AND(AN$8<AO$8,AN11<AO11,(AN$8-AO$8)=(AN11-AO11),AN$8<>""),3,IF(AND((AN$8-AO$8)=0,(AN11-AO11)=0,AN$8<>""),3,IF(AND(AN$8<AO$8,AN11>AO11),0,IF(AND(AN$8>AO$8,AN11<AO11),0,IF(AND(AN$8>AO$8,AN11>AO11,AN$8<>""),1,IF(AND(AN$8<AO$8,AN11<AO11,AN$8<>""),1,IF(AND(AN$8="",AO$8=""),0,0))))))))) -> 5 | AQ11: 3 | AR11: 1 | AS11: =IF(AND(AQ$8=AQ11,AR$8=AR11,AQ$8<>""),5,IF(AND(AQ$8>AR10,AQ11>AR11,(AQ$8-AR$8)=(AQ11-AR11),AQ$8<>""),3,IF(AND(AQ$8<AR$8,AQ11<AR11,(AQ$8-AR$8)=(AQ11-AR11),AQ$8<>""),3,IF(AND((AQ$8-AR$8)=0,(AQ11-AR11)=0,AQ$8<>""),3,IF(AND(AQ$8<AR$8,AQ11>AR11),0,IF(AND(AQ$8>AR$8,AQ11<AR11),0,IF(AND(AQ$8>AR$8,AQ11>AR11,AQ$8<>""),1,IF(AND(AQ$8<AR$8,AQ11<AR11,AQ$8<>""),1,IF(AND(AQ$8="",AR$8=""),0,0))))))))) -> 3 | AT11: 2 | AU11: 1 | AV11: =IF(AND(AT$8=AT11,AU$8=AU11,AT$8<>""),5,IF(AND(AT$8>AU10,AT11>AU11,(AT$8-AU$8)=(AT11-AU11),AT$8<>""),3,IF(AND(AT$8<AU$8,AT11<AU11,(AT$8-AU$8)=(AT11-AU11),AT$8<>""),3,IF(AND((AT$8-AU$8)=0,(AT11-AU11)=0,AT$8<>""),3,IF(AND(AT$8<AU$8,AT11>AU11),0,IF(AND(AT$8>AU$8,AT11<AU11),0,IF(AND(AT$8>AU$8,AT11>AU11,AT$8<>""),1,IF(AND(AT$8<AU$8,AT11<AU11,AT$8<>""),1,IF(AND(AT$8="",AU$8=""),0,0))))))))) -> 0 | AW11: 1 | AX11: 1 | AY11: =IF(AND(AW$8=AW11,AX$8=AX11,AW$8<>""),5,IF(AND(AW$8>AX10,AW11>AX11,(AW$8-AX$8)=(AW11-AX11),AW$8<>""),3,IF(AND(AW$8<AX$8,AW11<AX11,(AW$8-AX$8)=(AW11-AX11),AW$8<>""),3,IF(AND((AW$8-AX$8)=0,(AW11-AX11)=0,AW$8<>""),3,IF(AND(AW$8<AX$8,AW11>AX11),0,IF(AND(AW$8>AX$8,AW11<AX11),0,IF(AND(AW$8>AX$8,AW11>AX11,AW$8<>""),1,IF(AND(AW$8<AX$8,AW11<AX11,AW$8<>""),1,IF(AND(AW$8="",AX$8=""),0,0))))))))) -> 0 | AZ11: 1 | BA11: 2 | BB11: =IF(AND(AZ$8=AZ11,BA$8=BA11,AZ$8<>""),5,IF(AND(AZ$8>BA10,AZ11>BA11,(AZ$8-BA$8)=(AZ11-BA11),AZ$8<>""),3,IF(AND(AZ$8<BA$8,AZ11<BA11,(AZ$8-BA$8)=(AZ11-BA11),AZ$8<>""),3,IF(AND((AZ$8-BA$8)=0,(AZ11-BA11)=0,AZ$8<>""),3,IF(AND(AZ$8<BA$8,AZ11>BA11),0,IF(AND(AZ$8>BA$8,AZ11<BA11),0,IF(AND(AZ$8>BA$8,AZ11>BA11,AZ$8<>""),1,IF(AND(AZ$8<BA$8,AZ11<BA11,AZ$8<>""),1,IF(AND(AZ$8="",BA$8=""),0,0))))))))) -> 3 | BC11: 2 | BD11: 0 | BE11: =IF(AND(BC$8=BC11,BD$8=BD11,BC$8<>""),5,IF(AND(BC$8>BD10,BC11>BD11,(BC$8-BD$8)=(BC11-BD11),BC$8<>""),3,IF(AND(BC$8<BD$8,BC11<BD11,(BC$8-BD$8)=(BC11-BD11),BC$8<>""),3,IF(AND((BC$8-BD$8)=0,(BC11-BD11)=0,BC$8<>""),3,IF(AND(BC$8<BD$8,BC11>BD11),0,IF(AND(BC$8>BD$8,BC11<BD11),0,IF(AND(BC$8>BD$8,BC11>BD11,BC$8<>""),1,IF(AND(BC$8<BD$8,BC11<BD11,BC$8<>""),1,IF(AND(BC$8="",BD$8=""),0,0))))))))) -> 0 | BF11: 1 | BG11: 0 | BH11: =IF(AND(BF$8=BF11,BG$8=BG11,BF$8<>""),5,IF(AND(BF$8>BG10,BF11>BG11,(BF$8-BG$8)=(BF11-BG11),BF$8<>""),3,IF(AND(BF$8<BG$8,BF11<BG11,(BF$8-BG$8)=(BF11-BG11),BF$8<>""),3,IF(AND((BF$8-BG$8)=0,(BF11-BG11)=0,BF$8<>""),3,IF(AND(BF$8<BG$8,BF11>BG11),0,IF(AND(BF$8>BG$8,BF11<BG11),0,IF(AND(BF$8>BG$8,BF11>BG11,BF$8<>""),1,IF(AND(BF$8<BG$8,BF11<BG11,BF$8<>""),1,IF(AND(BF$8="",BG$8=""),0,0))))))))) -> 0 | BI11: 3 | BJ11: 1 | BK11: =IF(AND(BI$8=BI11,BJ$8=BJ11,BI$8<>""),5,IF(AND(BI$8>BJ10,BI11>BJ11,(BI$8-BJ$8)=(BI11-BJ11),BI$8<>""),3,IF(AND(BI$8<BJ$8,BI11<BJ11,(BI$8-BJ$8)=(BI11-BJ11),BI$8<>""),3,IF(AND((BI$8-BJ$8)=0,(BI11-BJ11)=0,BI$8<>""),3,IF(AND(BI$8<BJ$8,BI11>BJ11),0,IF(AND(BI$8>BJ$8,BI11<BJ11),0,IF(AND(BI$8>BJ$8,BI11>BJ11,BI$8<>""),1,IF(AND(BI$8<BJ$8,BI11<BJ11,BI$8<>""),1,IF(AND(BI$8="",BJ$8=""),0,0))))))))) -> 0 | BL11: 3 | BM11: 1 | BN11: =IF(AND(BL$8=BL11,BM$8=BM11,BL$8<>""),5,IF(AND(BL$8>BM10,BL11>BM11,(BL$8-BM$8)=(BL11-BM11),BL$8<>""),3,IF(AND(BL$8<BM$8,BL11<BM11,(BL$8-BM$8)=(BL11-BM11),BL$8<>""),3,IF(AND((BM$8-BL$8)=0,(BL11-BM11)=0,BL$8<>""),3,IF(AND(BL$8<BM$8,BL11>BM11),0,IF(AND(BL$8>BM$8,BL11<BM11),0,IF(AND(BL$8>BM$8,BL11>BM11,BL$8<>""),1,IF(AND(BL$8<BM$8,BL11<BM11,BL$8<>""),1,IF(AND(BL$8="",BM$8=""),0,0))))))))) -> 0 | BO11: 3 | BP11: 0 | BQ11: =IF(AND(BO$8=BO11,BP$8=BP11,BO$8<>""),5,IF(AND(BO$8>BP10,BO11>BP11,(BO$8-BP$8)=(BO11-BP11),BO$8<>""),3,IF(AND(BO$8<BP$8,BO11<BP11,(BO$8-BP$8)=(BO11-BP11),BO$8<>""),3,IF(AND((BO$8-BP$8)=0,(BO11-BP11)=0,BO$8<>""),3,IF(AND(BO$8<BP$8,BO11>BP11),0,IF(AND(BO$8>BP$8,BO11<BP11),0,IF(AND(BO$8>BP$8,BO11>BP11,BO$8<>""),1,IF(AND(BO$8<BP$8,BO11<BP11,BO$8<>""),1,IF(AND(BO$8="",BP$8=""),0,0))))))))) -> 0 | BR11: 1 | BS11: 2 | BT11: =IF(AND(BR$8=BR11,BS$8=BS11,BR$8<>""),5,IF(AND(BR$8>BS10,BR11>BS11,(BR$8-BS$8)=(BR11-BS11),BR$8<>""),3,IF(AND(BR$8<BS$8,BR11<BS11,(BR$8-BS$8)=(BR11-BS11),BR$8<>""),3,IF(AND((BR$8-BS$8)=0,(BR11-BS11)=0,BR$8<>""),3,IF(AND(BR$8<BS$8,BR11>BS11),0,IF(AND(BR$8>BS$8,BR11<BS11),0,IF(AND(BR$8>BS$8,BR11>BS11,BR$8<>""),1,IF(AND(BR$8<BS$8,BR11<BS11,BR$8<>""),1,IF(AND(BR$8="",BS$8=""),0,0))))))))) -> 0 | BU11: 2 | BV11: 1 | BW11: =IF(AND(BU$8=BU11,BV$8=BV11,BU$8<>""),5,IF(AND(BU$8>BV10,BU11>BV11,(BU$8-BV$8)=(BU11-BV11),BU$8<>""),3,IF(AND(BU$8<BV$8,BU11<BV11,(BU$8-BV$8)=(BU11-BV11),BU$8<>""),3,IF(AND((BU$8-BV$8)=0,(BU11-BV11)=0,BU$8<>""),3,IF(AND(BU$8<BV$8,BU11>BV11),0,IF(AND(BU$8>BV$8,BU11<BV11),0,IF(AND(BU$8>BV$8,BU11>BV11,BU$8<>""),1,IF(AND(BU$8<BV$8,BU11<BV11,BU$8<>""),1,IF(AND(BU$8="",BV$8=""),0,0))))))))) -> 0 | BX11: 2 | BY11: 1 | BZ11: =IF(AND(BX$8=BX11,BY$8=BY11,BX$8<>""),5,IF(AND(BX$8>BY10,BX11>BY11,(BX$8-BY$8)=(BX11-BY11),BX$8<>""),3,IF(AND(BX$8<BY$8,BX11<BY11,(BX$8-BY$8)=(BX11-BY11),BX$8<>""),3,IF(AND((BX$8-BY$8)=0,(BX11-BY11)=0,BX$8<>""),3,IF(AND(BX$8<BY$8,BX11>BY11),0,IF(AND(BX$8>BY$8,BX11<BY11),0,IF(AND(BX$8>BY$8,BX11>BY11,BX$8<>""),1,IF(AND(BX$8<BY$8,BX11<BY11,BX$8<>""),1,IF(AND(BX$8="",BY$8=""),0,0))))))))) -> 0 | CA11: 2 | CB11: 1 | CC11: =IF(AND(CA$8=CA11,CB$8=CB11,CA$8<>""),5,IF(AND(CA$8>CB10,CA11>CB11,(CA$8-CB$8)=(CA11-CB11),CA$8<>""),3,IF(AND(CA$8<CB$8,CA11<CB11,(CA$8-CB$8)=(CA11-CB11),CA$8<>""),3,IF(AND((CA$8-CB$8)=0,(CA11-CB11)=0,CA$8<>""),3,IF(AND(CA$8<CB$8,CA11>CB11),0,IF(AND(CA$8>CB$8,CA11<CB11),0,IF(AND(CA$8>CB$8,CA11>CB11,CA$8<>""),1,IF(AND(CA$8<CB$8,CA11<CB11,CA$8<>""),1,IF(AND(CA$8="",CB$8=""),0,0))))))))) -> 0 | CD11: 3 | CE11: 0 | CF11: =IF(AND(CD$8=CD11,CE$8=CE11,CD$8<>""),5,IF(AND(CD$8>CE10,CD11>CE11,(CD$8-CE$8)=(CD11-CE11),CD$8<>""),3,IF(AND(CD$8<CE$8,CD11<CE11,(CD$8-CE$8)=(CD11-CE11),CD$8<>""),3,IF(AND((CD$8-CE$8)=0,(CD11-CE11)=0,CD$8<>""),3,IF(AND(CD$8<CE$8,CD11>CE11),0,IF(AND(CD$8>CE$8,CD11<CE11),0,IF(AND(CD$8>CE$8,CD11>CE11,CD$8<>""),1,IF(AND(CD$8<CE$8,CD11<CE11,CD$8<>""),1,IF(AND(CD$8="",CE$8=""),0,0))))))))) -> 0 | CG11: 3 | CH11: 0 | CI11: =IF(AND(CG$8=CG11,CH$8=CH11,CG$8<>""),5,IF(AND(CG$8>CH10,CG11>CH11,(CG$8-CH$8)=(CG11-CH11),CG$8<>""),3,IF(AND(CG$8<CH$8,CG11<CH11,(CG$8-CH$8)=(CG11-CH11),CG$8<>""),3,IF(AND((CG$8-CH$8)=0,(CG11-CH11)=0,CG$8<>""),3,IF(AND(CG$8<CH$8,CG11>CH11),0,IF(AND(CG$8>CH$8,CG11<CH11),0,IF(AND(CG$8>CH$8,CG11>CH11,CG$8<>""),1,IF(AND(CG$8<CH$8,CG11<CH11,CG$8<>""),1,IF(AND(CG$8="",CH$8=""),0,0))))))))) -> 0 | CJ11: 1 | CK11: 1 | CL11: =IF(AND(CJ$8=CJ11,CK$8=CK11,CJ$8<>""),5,IF(AND(CJ$8>CK10,CJ11>CK11,(CJ$8-CK$8)=(CJ11-CK11),CJ$8<>""),3,IF(AND(CJ$8<CK$8,CJ11<CK11,(CJ$8-CK$8)=(CJ11-CK11),CJ$8<>""),3,IF(AND((CJ$8-CK$8)=0,(CJ11-CK11)=0,CJ$8<>""),3,IF(AND(CJ$8<CK$8,CJ11>CK11),0,IF(AND(CJ$8>CK$8,CJ11<CK11),0,IF(AND(CJ$8>CK$8,CJ11>CK11,CJ$8<>""),1,IF(AND(CJ$8<CK$8,CJ11<CK11,CJ$8<>""),1,IF(AND(CJ$8="",CK$8=""),0,0))))))))) -> 0 | CM11: 2 | CN11: 0 | CO11: =IF(AND(CM$8=CM11,CN$8=CN11,CM$8<>""),5,IF(AND(CM$8>CN10,CM11>CN11,(CM$8-CN$8)=(CM11-CN11),CM$8<>""),3,IF(AND(CM$8<CN$8,CM11<CN11,(CM$8-CN$8)=(CM11-CN11),CM$8<>""),3,IF(AND((CM$8-CN$8)=0,(CM11-CN11)=0,CM$8<>""),3,IF(AND(CM$8<CN$8,CM11>CN11),0,IF(AND(CM$8>CN$8,CM11<CN11),0,IF(AND(CM$8>CN$8,CM11>CN11,CM$8<>""),1,IF(AND(CM$8<CN$8,CM11<CN11,CM$8<>""),1,IF(AND(CM$8="",CN$8=""),0,0))))))))) -> 0 | CP11: 1 | CQ11: 0 | CR11: =IF(AND(CP$8=CP11,CQ$8=CQ11,CP$8<>""),5,IF(AND(CP$8>CQ10,CP11>CQ11,(CP$8-CQ$8)=(CP11-CQ11),CP$8<>""),3,IF(AND(CP$8<CQ$8,CP11<CQ11,(CP$8-CQ$8)=(CP11-CQ11),CP$8<>""),3,IF(AND((CP$8-CQ$8)=0,(CP11-CQ11)=0,CP$8<>""),3,IF(AND(CP$8<CQ$8,CP11>CQ11),0,IF(AND(CP$8>CQ$8,CP11<CQ11),0,IF(AND(CP$8>CQ$8,CP11>CQ11,CP$8<>""),1,IF(AND(CP$8<CQ$8,CP11<CQ11,CP$8<>""),1,IF(AND(CP$8="",CQ$8=""),0,0))))))))) -> 0 | CS11: 1 | CT11: 2 | CU11: =IF(AND(CS$8=CS11,CT$8=CT11,CS$8<>""),5,IF(AND(CS$8>CT10,CS11>CT11,(CS$8-CT$8)=(CS11-CT11),CS$8<>""),3,IF(AND(CS$8<CT$8,CS11<CT11,(CS$8-CT$8)=(CS11-CT11),CS$8<>""),3,IF(AND((CS$8-CT$8)=0,(CS11-CT11)=0,CS$8<>""),3,IF(AND(CS$8<CT$8,CS11>CT11),0,IF(AND(CS$8>CT$8,CS11<CT11),0,IF(AND(CS$8>CT$8,CS11>CT11,CS$8<>""),1,IF(AND(CS$8<CT$8,CS11<CT11,CS$8<>""),1,IF(AND(CS$8="",CT$8=""),0,0))))))))) -> 0 | CV11: 1 | CW11: 0 | CX11: =IF(AND(CV$8=CV11,CW$8=CW11,CV$8<>""),5,IF(AND(CV$8>CW10,CV11>CW11,(CV$8-CW$8)=(CV11-CW11),CV$8<>""),3,IF(AND(CV$8<CW$8,CV11<CW11,(CV$8-CW$8)=(CV11-CW11),CV$8<>""),3,IF(AND((CV$8-CW$8)=0,(CV11-CW11)=0,CV$8<>""),3,IF(AND(CV$8<CW$8,CV11>CW11),0,IF(AND(CV$8>CW$8,CV11<CW11),0,IF(AND(CV$8>CW$8,CV11>CW11,CV$8<>""),1,IF(AND(CV$8<CW$8,CV11<CW11,CV$8<>""),1,IF(AND(CV$8="",CW$8=""),0,0))))))))) -> 0 | CY11: 3 | CZ11: 1 | DA11: =IF(AND(CY$8=CY11,CZ$8=CZ11,CY$8<>""),5,IF(AND(CY$8>CZ10,CY11>CZ11,(CY$8-CZ$8)=(CY11-CZ11),CY$8<>""),3,IF(AND(CY$8<CZ$8,CY11<CZ11,(CY$8-CZ$8)=(CY11-CZ11),CY$8<>""),3,IF(AND((CY$8-CZ$8)=0,(CY11-CZ11)=0,CY$8<>""),3,IF(AND(CY$8<CZ$8,CY11>CZ11),0,IF(AND(CY$8>CZ$8,CY11<CZ11),0,IF(AND(CY$8>CZ$8,CY11>CZ11,CY$8<>""),1,IF(AND(CY$8<CZ$8,CY11<CZ11,CY$8<>""),1,IF(AND(CY$8="",CZ$8=""),0,0))))))))) -> 0 | DB11: 2 | DC11: 2 | DD11: =IF(AND(DB$8=DB11,DC$8=DC11,DB$8<>""),5,IF(AND(DB$8>DC10,DB11>DC11,(DB$8-DC$8)=(DB11-DC11),DB$8<>""),3,IF(AND(DB$8<DC$8,DB11<DC11,(DB$8-DC$8)=(DB11-DC11),DB$8<>""),3,IF(AND((DB$8-DC$8)=0,(DB11-DC11)=0,DB$8<>""),3,IF(AND(DB$8<DC$8,DB11>DC11),0,IF(AND(DB$8>DC$8,DB11<DC11),0,IF(AND(DB$8>DC$8,DB11>DC11,DB$8<>""),1,IF(AND(DB$8<DC$8,DB11<DC11,DB$8<>""),1,IF(AND(DB$8="",DC$8=""),0,0))))))))) -> 0 | DE11: 1 | DF11: 3 | DG11: =IF(AND(DE$8=DE11,DF$8=DF11,DE$8<>""),5,IF(AND(DE$8>DF10,DE11>DF11,(DE$8-DF$8)=(DE11-DF11),DE$8<>""),3,IF(AND(DE$8<DF$8,DE11<DF11,(DE$8-DF$8)=(DE11-DF11),DE$8<>""),3,IF(AND((DE$8-DF$8)=0,(DE11-DF11)=0,DE$8<>""),3,IF(AND(DE$8<DF$8,DE11>DF11),0,IF(AND(DE$8>DF$8,DE11<DF11),0,IF(AND(DE$8>DF$8,DE11>DF11,DE$8<>""),1,IF(AND(DE$8<DF$8,DE11<DF11,DE$8<>""),1,IF(AND(DE$8="",DF$8=""),0,0))))))))) -> 0 | DH11: 1 | DI11: 1 | DJ11: =IF(AND(DH$8=DH11,DI$8=DI11,DH$8<>""),5,IF(AND(DH$8>DI10,DH11>DI11,(DH$8-DI$8)=(DH11-DI11),DH$8<>""),3,IF(AND(DH$8<DI$8,DH11<DI11,(DH$8-DI$8)=(DH11-DI11),DH$8<>""),3,IF(AND((DH$8-DI$8)=0,(DH11-DI11)=0,DH$8<>""),3,IF(AND(DH$8<DI$8,DH11>DI11),0,IF(AND(DH$8>DI$8,DH11<DI11),0,IF(AND(DH$8>DI$8,DH11>DI11,DH$8<>""),1,IF(AND(DH$8<DI$8,DH11<DI11,DH$8<>""),1,IF(AND(DH$8="",DI$8=""),0,0))))))))) -> 0 | DK11: 1 | DL11: 2 | DM11: =IF(AND(DK$8=DK11,DL$8=DL11,DK$8<>""),5,IF(AND(DK$8>DL10,DK11>DL11,(DK$8-DL$8)=(DK11-DL11),DK$8<>""),3,IF(AND(DK$8<DL$8,DK11<DL11,(DK$8-DL$8)=(DK11-DL11),DK$8<>""),3,IF(AND((DK$8-DL$8)=0,(DK11-DL11)=0,DK$8<>""),3,IF(AND(DK$8<DL$8,DK11>DL11),0,IF(AND(DK$8>DL$8,DK11<DL11),0,IF(AND(DK$8>DL$8,DK11>DL11,DK$8<>""),1,IF(AND(DK$8<DL$8,DK11<DL11,DK$8<>""),1,IF(AND(DK$8="",DL$8=""),0,0))))))))) -> 0 | DN11: 1 | DO11: 3 | DP11: =IF(AND(DN$8=DN11,DO$8=DO11,DN$8<>""),5,IF(AND(DN$8>DO10,DN11>DO11,(DN$8-DO$8)=(DN11-DO11),DN$8<>""),3,IF(AND(DN$8<DO$8,DN11<DO11,(DN$8-DO$8)=(DN11-DO11),DN$8<>""),3,IF(AND((DN$8-DO$8)=0,(DN11-DO11)=0,DN$8<>""),3,IF(AND(DN$8<DO$8,DN11>DO11),0,IF(AND(DN$8>DO$8,DN11<DO11),0,IF(AND(DN$8>DO$8,DN11>DO11,DN$8<>""),1,IF(AND(DN$8<DO$8,DN11<DO11,DN$8<>""),1,IF(AND(DN$8="",DO$8=""),0,0))))))))) -> 0 | DQ11: 1 | DR11: 2 | DS11: =IF(AND(DQ$8=DQ11,DR$8=DR11,DQ$8<>""),5,IF(AND(DQ$8>DR10,DQ11>DR11,(DQ$8-DR$8)=(DQ11-DR11),DQ$8<>""),3,IF(AND(DQ$8<DR$8,DQ11<DR11,(DQ$8-DR$8)=(DQ11-DR11),DQ$8<>""),3,IF(AND((DQ$8-DR$8)=0,(DQ11-DR11)=0,DQ$8<>""),3,IF(AND(DQ$8<DR$8,DQ11>DR11),0,IF(AND(DQ$8>DR$8,DQ11<DR11),0,IF(AND(DQ$8>DR$8,DQ11>DR11,DQ$8<>""),1,IF(AND(DQ$8<DR$8,DQ11<DR11,DQ$8<>""),1,IF(AND(DQ$8="",DR$8=""),0,0))))))))) -> 0 | DT11: 0 | DU11: 1 | DV11: =IF(AND(DT$8=DT11,DU$8=DU11,DT$8<>""),5,IF(AND(DT$8>DU10,DT11>DU11,(DT$8-DU$8)=(DT11-DU11),DT$8<>""),3,IF(AND(DT$8<DU$8,DT11<DU11,(DT$8-DU$8)=(DT11-DU11),DT$8<>""),3,IF(AND((DT$8-DU$8)=0,(DT11-DU11)=0,DT$8<>""),3,IF(AND(DT$8<DU$8,DT11>DU11),0,IF(AND(DT$8>DU$8,DT11<DU11),0,IF(AND(DT$8>DU$8,DT11>DU11,DT$8<>""),1,IF(AND(DT$8<DU$8,DT11<DU11,DT$8<>""),1,IF(AND(DT$8="",DU$8=""),0,0))))))))) -> 0 | DW11: 1 | DX11: 3 | DY11: =IF(AND(DW$8=DW11,DX$8=DX11,DW$8<>""),5,IF(AND(DW$8>DX10,DW11>DX11,(DW$8-DX$8)=(DW11-DX11),DW$8<>""),3,IF(AND(DW$8<DX$8,DW11<DX11,(DW$8-DX$8)=(DW11-DX11),DW$8<>""),3,IF(AND((DW$8-DX$8)=0,(DW11-DX11)=0,DW$8<>""),3,IF(AND(DW$8<DX$8,DW11>DX11),0,IF(AND(DW$8>DX$8,DW11<DX11),0,IF(AND(DW$8>DX$8,DW11>DX11,DW$8<>""),1,IF(AND(DW$8<DX$8,DW11<DX11,DW$8<>""),1,IF(AND(DW$8="",DX$8=""),0,0))))))))) -> 0 | DZ11: 1 | EA11: 3 | EB11: =IF(AND(DZ$8=DZ11,EA$8=EA11,DZ$8<>""),5,IF(AND(DZ$8>EA10,DZ11>EA11,(DZ$8-EA$8)=(DZ11-EA11),DZ$8<>""),3,IF(AND(DZ$8<EA$8,DZ11<EA11,(DZ$8-EA$8)=(DZ11-EA11),DZ$8<>""),3,IF(AND((DZ$8-EA$8)=0,(DZ11-EA11)=0,DZ$8<>""),3,IF(AND(DZ$8<EA$8,DZ11>EA11),0,IF(AND(DZ$8>EA$8,DZ11<EA11),0,IF(AND(DZ$8>EA$8,DZ11>EA11,DZ$8<>""),1,IF(AND(DZ$8<EA$8,DZ11<EA11,DZ$8<>""),1,IF(AND(DZ$8="",EA$8=""),0,0))))))))) -> 0 | EC11: 3 | ED11: 1 | EE11: =IF(AND(EC$8=EC11,ED$8=ED11,EC$8<>""),5,IF(AND(EC$8>ED10,EC11>ED11,(EC$8-ED$8)=(EC11-ED11),EC$8<>""),3,IF(AND(EC$8<ED$8,EC11<ED11,(EC$8-ED$8)=(EC11-ED11),EC$8<>""),3,IF(AND((EC$8-ED$8)=0,(EC11-ED11)=0,EC$8<>""),3,IF(AND(EC$8<ED$8,EC11>ED11),0,IF(AND(EC$8>ED$8,EC11<ED11),0,IF(AND(EC$8>ED$8,EC11>ED11,EC$8<>""),1,IF(AND(EC$8<ED$8,EC11<ED11,EC$8<>""),1,IF(AND(EC$8="",ED$8=""),0,0))))))))) -> 0 | EF11: 1 | EG11: 2 | EH11: =IF(AND(EF$8=EF11,EG$8=EG11,EF$8<>""),5,IF(AND(EF$8>EG10,EF11>EG11,(EF$8-EG$8)=(EF11-EG11),EF$8<>""),3,IF(AND(EF$8<EG$8,EF11<EG11,(EF$8-EG$8)=(EF11-EG11),EF$8<>""),3,IF(AND((EF$8-EG$8)=0,(EF11-EG11)=0,EF$8<>""),3,IF(AND(EF$8<EG$8,EF11>EG11),0,IF(AND(EF$8>EG$8,EF11<EG11),0,IF(AND(EF$8>EG$8,EF11>EG11,EF$8<>""),1,IF(AND(EF$8<EG$8,EF11<EG11,EF$8<>""),1,IF(AND(EF$8="",EG$8=""),0,0))))))))) -> 0 | EI11: 0 | EJ11: 3 | EK11: =IF(AND(EI$8=EI11,EJ$8=EJ11,EI$8<>""),5,IF(AND(EI$8>EJ10,EI11>EJ11,(EI$8-EJ$8)=(EI11-EJ11),EI$8<>""),3,IF(AND(EI$8<EJ$8,EI11<EJ11,(EI$8-EJ$8)=(EI11-EJ11),EI$8<>""),3,IF(AND((EI$8-EJ$8)=0,(EI11-EJ11)=0,EI$8<>""),3,IF(AND(EI$8<EJ$8,EI11>EJ11),0,IF(AND(EI$8>EJ$8,EI11<EJ11),0,IF(AND(EI$8>EJ$8,EI11>EJ11,EI$8<>""),1,IF(AND(EI$8<EJ$8,EI11<EJ11,EI$8<>""),1,IF(AND(EI$8="",EJ$8=""),0,0))))))))) -> 0 | EL11: 1 | EM11: 1 | EN11: =IF(AND(EL$8=EL11,EM$8=EM11,EL$8<>""),5,IF(AND(EL$8>EM10,EL11>EM11,(EL$8-EM$8)=(EL11-EM11),EL$8<>""),3,IF(AND(EL$8<EM$8,EL11<EM11,(EL$8-EM$8)=(EL11-EM11),EL$8<>""),3,IF(AND((EL$8-EM$8)=0,(EL11-EM11)=0,EL$8<>""),3,IF(AND(EL$8<EM$8,EL11>EM11),0,IF(AND(EL$8>EM$8,EL11<EM11),0,IF(AND(EL$8>EM$8,EL11>EM11,EL$8<>""),1,IF(AND(EL$8<EM$8,EL11<EM11,EL$8<>""),1,IF(AND(EL$8="",EM$8=""),0,0))))))))) -> 0 | EO11: 0 | EP11: 2 | EQ11: =IF(AND(EO$8=EO11,EP$8=EP11,EO$8<>""),5,IF(AND(EO$8>EP10,EO11>EP11,(EO$8-EP$8)=(EO11-EP11),EO$8<>""),3,IF(AND(EO$8<EP$8,EO11<EP11,(EO$8-EP$8)=(EO11-EP11),EO$8<>""),3,IF(AND((EO$8-EP$8)=0,(EO11-EP11)=0,EO$8<>""),3,IF(AND(EO$8<EP$8,EO11>EP11),0,IF(AND(EO$8>EP$8,EO11<EP11),0,IF(AND(EO$8>EP$8,EO11>EP11,EO$8<>""),1,IF(AND(EO$8<EP$8,EO11<EP11,EO$8<>""),1,IF(AND(EO$8="",EP$8=""),0,0))))))))) -> 0 | ER11: =F11+I11+L11+O11+R11+U11+X11+AA11+AD11+AG11+AJ11+AM11+AP11+AS11+AV11+AY11+BB11+BE11+BH11+BK11+BN11+BQ11+BT11+BW11+BZ11+CC11+CF11+CI11+CL11+CO11+CR11+CU11+CX11+DA11+DD11+DG11+DJ11+DM11+DP11+DS11+DV11+DY11+EB11+EE11+EH11+EK11+EN11+EQ11 -> 26
A12: 4 | B12: ANDRÉS CASTELLANOS | C12: =ER12 -> 25 | D12: 0 | E12: 2 | F12: =IF(AND(D$8=D12,E$8=E12,D$8<>""),5,IF(AND(D$8>E$8,D12>E12,(D$8-E$8)=(D12-E12),D$8<>""),3,IF(AND(D$8<E$8,D12<E12,(E$8-D$8)=(E12-D12),D$8<>""),3,IF(AND((D$8-E$8)=0,(D12-E12)=0,D$8<>""),3,IF(AND(D$8<E$8,D12>E12),0,IF(AND(D$8>E$8,D12<E12),0,IF(AND(D$8>E$8,D12>E12,D$8<>""),1,IF(AND(D$8<E$8,D12<E12,D$8<>""),1,IF(AND(D$8="",E$8=""),0,0))))))))) -> 5 | G12: 0 | H12: 2 | I12: =IF(AND(G$8=G12,H$8=H12,G$8<>""),5,IF(AND(G$8>H$8,G12>H12,(G$8-H$8)=(G12-H12),G$8<>""),3,IF(AND(G$8<H$8,G12<H12,(H$8-G$8)=(H12-G12),G$8<>""),3,IF(AND((G$8-H$8)=0,(G12-H12)=0,G$8<>""),3,IF(AND(G$8<H$8,G12>H12),0,IF(AND(G$8>H$8,G12<H12),0,IF(AND(G$8>H$8,G12>H12,G$8<>""),1,IF(AND(G$8<H$8,G12<H12,G$8<>""),1,IF(AND(G$8="",H$8=""),0,0))))))))) -> 5 | J12: 2 | K12: 0 | L12: =IF(AND(J$8=J12,K$8=K12,J$8<>""),5,IF(AND(J$8>K$8,J12>K12,(J$8-K$8)=(J12-K12),J$8<>""),3,IF(AND(J$8<K$8,J12<K12,(K$8-J$8)=(K12-J12),J$8<>""),3,IF(AND((J$8-K$8)=0,(J12-K12)=0,J$8<>""),3,IF(AND(J$8<K$8,J12>K12),0,IF(AND(J$8>K$8,J12<K12),0,IF(AND(J$8>K$8,J12>K12,J$8<>""),1,IF(AND(J$8<K$8,J12<K12,J$8<>""),1,IF(AND(J$8="",K$8=""),0,0))))))))) -> 1 | M12: 1 | N12: 2 | O12: =IF(AND(M$8=M12,N$8=N12,M$8<>""),5,IF(AND(M$8>N$8,M12>N12,(M$8-N$8)=(M12-N12),M$8<>""),3,IF(AND(M$8<N$8,M12<N12,(N$8-M$8)=(N12-M12),M$8<>""),3,IF(AND((M$8-N$8)=0,(M12-N12)=0,M$8<>""),3,IF(AND(M$8<N$8,M12>N12),0,IF(AND(M$8>N$8,M12<N12),0,IF(AND(M$8>N$8,M12>N12,M$8<>""),1,IF(AND(M$8<N$8,M12<N12,M$8<>""),1,IF(AND(M$8="",N$8=""),0,0))))))))) -> 0 | P12: 4 | Q12: 0 | R12: =IF(AND(P$8=P12,Q$8=Q12,P$8<>""),5,IF(AND(P$8>Q$8,P12>Q12,(P$8-Q$8)=(P12-Q12),P$8<>""),3,IF(AND(P$8<Q$8,P12<Q12,(Q$8-P$8)=(Q12-P12),P$8<>""),3,IF(AND((P$8-Q$8)=0,(P12-Q12)=0,P$8<>""),3,IF(AND(P$8<Q$8,P12>Q12),0,IF(AND(P$8>Q$8,P12<Q12),0,IF(AND(P$8>Q$8,P12>Q12,P$8<>""),1,IF(AND(P$8<Q$8,P12<Q12,P$8<>""),1,IF(AND(P$8="",Q$8=""),0,0))))))))) -> 0 | S12: 2 | T12: 2 | U12: =IF(AND(S$8=S12,T$8=T12,S$8<>""),5,IF(AND(S$8>T$8,S12>T12,(S$8-T$8)=(S12-T12),S$8<>""),3,IF(AND(S$8<T$8,S12<T12,(T$8-S$8)=(T12-S12),S$8<>""),3,IF(AND((S$8-T$8)=0,(S12-T12)=0,S$8<>""),3,IF(AND(S$8<T$8,S12>T12),0,IF(AND(S$8>T$8,S12<T12),0,IF(AND(S$8>T$8,S12>T12,S$8<>""),1,IF(AND(S$8<T$8,S12<T12,S$8<>""),1,IF(AND(S$8="",T$8=""),0,0))))))))) -> 3 | V12: 1 | W12: 1 | X12: =IF(AND(V$8=V12,W$8=W12,V$8<>""),5,IF(AND(V$8>W$8,V12>W12,(V$8-W$8)=(V12-W12),V$8<>""),3,IF(AND(V$8<W$8,V12<W12,(W$8-V$8)=(W12-V12),V$8<>""),3,IF(AND((V$8-W$8)=0,(V12-W12)=0,V$8<>""),3,IF(AND(V$8<W$8,V12>W12),0,IF(AND(V$8>W$8,V12<W12),0,IF(AND(V$8>W$8,V12>W12,V$8<>""),1,IF(AND(V$8<W$8,V12<W12,V$8<>""),1,IF(AND(V$8="",W$8=""),0,0))))))))) -> 3 | Y12: 3 | Z12: 1 | AA12: =IF(AND(Y$8=Y12,Z$8=Z12,Y$8<>""),5,IF(AND(Y$8>Z$8,Y12>Z12,(Y$8-Z$8)=(Y12-Z12),Y$8<>""),3,IF(AND(Y$8<Z$8,Y12<Z12,(Z$8-Y$8)=(Z12-Y12),Y$8<>""),3,IF(AND((Y$8-Z$8)=0,(Y12-Z12)=0,Y$8<>""),3,IF(AND(Y$8<Z$8,Y12>Z12),0,IF(AND(Y$8>Z$8,Y12<Z12),0,IF(AND(Y$8>Z$8,Y12>Z12,Y$8<>""),1,IF(AND(Y$8<Z$8,Y12<Z12,Y$8<>""),1,IF(AND(Y$8="",Z$8=""),0,0))))))))) -> 1 | AB12: 2 | AC12: 1 | AD12: =IF(AND(AB$8=AB12,AC$8=AC12,AB$8<>""),5,IF(AND(AB$8>AC$8,AB12>AC12,(AB$8-AC$8)=(AB12-AC12),AB$8<>""),3,IF(AND(AB$8<AC$8,AB12<AC12,(AC$8-AB$8)=(AC12-AB12),AB$8<>""),3,IF(AND((AB$8-AC$8)=0,(AB12-AC12)=0,AB$8<>""),3,IF(AND(AB$8<AC$8,AB12>AC12),0,IF(AND(AB$8>AC$8,AB12<AC12),0,IF(AND(AB$8>AC$8,AB12>AC12,AB$8<>""),1,IF(AND(AB$8<AC$8,AB12<AC12,AB$8<>""),1,IF(AND(AB$8="",AC$8=""),0,0))))))))) -> 0 | AE12: 3 | AF12: 1 | AG12: =IF(AND(AE$8=AE12,AF$8=AF12,AE$8<>""),5,IF(AND(AE$8>AF$8,AE12>AF12,(AE$8-AF$8)=(AE12-AF12),AE$8<>""),3,IF(AND(AE$8<AF$8,AE12<AF12,(AE$8-AF$8)=(AE12-AF12),AE$8<>""),3,IF(AND((AE$8-AF$8)=0,(AE12-AF12)=0,AE$8<>""),3,IF(AND(AE$8<AF$8,AE12>AF12),0,IF(AND(AE$8>AF$8,AE12<AF12),0,IF(AND(AE$8>AF$8,AE12>AF12,AE$8<>""),1,IF(AND(AE$8<AF$8,AE12<AF12,AE$8<>""),1,IF(AND(AE$8="",AF$8=""),0,0))))))))) -> 1 | AH12: 0 | AI12: 2 | AJ12: =IF(AND(AH$8=AH12,AI$8=AI12,AH$8<>""),5,IF(AND(AH$8>AI$8,AH12>AI12,(AH$8-AI$8)=(AH12-AI12),AH$8<>""),3,IF(AND(AH$8<AI$8,AH12<AI12,(AH$8-AI$8)=(AH12-AI12),AH$8<>""),3,IF(AND((AH$8-AI$8)=0,(AH12-AI12)=0,AH$8<>""),3,IF(AND(AH$8<AI$8,AH12>AI12),0,IF(AND(AH$8>AI$8,AH12<AI12),0,IF(AND(AH$8>AI$8,AH12>AI12,AH$8<>""),1,IF(AND(AH$8<AI$8,AH12<AI12,AH$8<>""),1,IF(AND(AH$8="",AI$8=""),0,0))))))))) -> 0 | AK12: 2 | AL12: 0 | AM12: =IF(AND(AK$8=AK12,AL$8=AL12,AK$8<>""),5,IF(AND(AK$8>AL$8,AK12>AL12,(AK$8-AL$8)=(AK12-AL12),AK$8<>""),3,IF(AND(AK$8<AL$8,AK12<AL12,(AK$8-AL$8)=(AK12-AL12),AK$8<>""),3,IF(AND((AK$8-AL$8)=0,(AK12-AL12)=0,AK$8<>""),3,IF(AND(AK$8<AL$8,AK12>AL12),0,IF(AND(AK$8>AL$8,AK12<AL12),0,IF(AND(AK$8>AL$8,AK12>AL12,AK$8<>""),1,IF(AND(AK$8<AL$8,AK12<AL12,AK$8<>""),1,IF(AND(AK$8="",AL$8=""),0,0))))))))) -> 1 | AN12: 0 | AO12: 0 | AP12: =IF(AND(AN$8=AN12,AO$8=AO12,AN$8<>""),5,IF(AND(AN$8>AO$8,AN12>AO12,(AN$8-AO$8)=(AN12-AO12),AN$8<>""),3,IF(AND(AN$8<AO$8,AN12<AO12,(AN$8-AO$8)=(AN12-AO12),AN$8<>""),3,IF(AND((AN$8-AO$8)=0,(AN12-AO12)=0,AN$8<>""),3,IF(AND(AN$8<AO$8,AN12>AO12),0,IF(AND(AN$8>AO$8,AN12<AO12),0,IF(AND(AN$8>AO$8,AN12>AO12,AN$8<>""),1,IF(AND(AN$8<AO$8,AN12<AO12,AN$8<>""),1,IF(AND(AN$8="",AO$8=""),0,0))))))))) -> 0 | AQ12: 4 | AR12: 1 | AS12: =IF(AND(AQ$8=AQ12,AR$8=AR12,AQ$8<>""),5,IF(AND(AQ$8>AR11,AQ12>AR12,(AQ$8-AR$8)=(AQ12-AR12),AQ$8<>""),3,IF(AND(AQ$8<AR$8,AQ12<AR12,(AQ$8-AR$8)=(AQ12-AR12),AQ$8<>""),3,IF(AND((AQ$8-AR$8)=0,(AQ12-AR12)=0,AQ$8<>""),3,IF(AND(AQ$8<AR$8,AQ12>AR12),0,IF(AND(AQ$8>AR$8,AQ12<AR12),0,IF(AND(AQ$8>AR$8,AQ12>AR12,AQ$8<>""),1,IF(AND(AQ$8<AR$8,AQ12<AR12,AQ$8<>""),1,IF(AND(AQ$8="",AR$8=""),0,0))))))))) -> 1 | AT12: 2 | AU12: 0 | AV12: =IF(AND(AT$8=AT12,AU$8=AU12,AT$8<>""),5,IF(AND(AT$8>AU11,AT12>AU12,(AT$8-AU$8)=(AT12-AU12),AT$8<>""),3,IF(AND(AT$8<AU$8,AT12<AU12,(AT$8-AU$8)=(AT12-AU12),AT$8<>""),3,IF(AND((AT$8-AU$8)=0,(AT12-AU12)=0,AT$8<>""),3,IF(AND(AT$8<AU$8,AT12>AU12),0,IF(AND(AT$8>AU$8,AT12<AU12),0,IF(AND(AT$8>AU$8,AT12>AU12,AT$8<>""),1,IF(AND(AT$8<AU$8,AT12<AU12,AT$8<>""),1,IF(AND(AT$8="",AU$8=""),0,0))))))))) -> 0 | AW12: 2 | AX12: 1 | AY12: =IF(AND(AW$8=AW12,AX$8=AX12,AW$8<>""),5,IF(AND(AW$8>AX11,AW12>AX12,(AW$8-AX$8)=(AW12-AX12),AW$8<>""),3,IF(AND(AW$8<AX$8,AW12<AX12,(AW$8-AX$8)=(AW12-AX12),AW$8<>""),3,IF(AND((AW$8-AX$8)=0,(AW12-AX12)=0,AW$8<>""),3,IF(AND(AW$8<AX$8,AW12>AX12),0,IF(AND(AW$8>AX$8,AW12<AX12),0,IF(AND(AW$8>AX$8,AW12>AX12,AW$8<>""),1,IF(AND(AW$8<AX$8,AW12<AX12,AW$8<>""),1,IF(AND(AW$8="",AX$8=""),0,0))))))))) -> 3 | AZ12: 1 | BA12: 3 | BB12: =IF(AND(AZ$8=AZ12,BA$8=BA12,AZ$8<>""),5,IF(AND(AZ$8>BA11,AZ12>BA12,(AZ$8-BA$8)=(AZ12-BA12),AZ$8<>""),3,IF(AND(AZ$8<BA$8,AZ12<BA12,(AZ$8-BA$8)=(AZ12-BA12),AZ$8<>""),3,IF(AND((AZ$8-BA$8)=0,(AZ12-BA12)=0,AZ$8<>""),3,IF(AND(AZ$8<BA$8,AZ12>BA12),0,IF(AND(AZ$8>BA$8,AZ12<BA12),0,IF(AND(AZ$8>BA$8,AZ12>BA12,AZ$8<>""),1,IF(AND(AZ$8<BA$8,AZ12<BA12,AZ$8<>""),1,IF(AND(AZ$8="",BA$8=""),0,0))))))))) -> 1 | BC12: 2 | BD12: 1 | BE12: =IF(AND(BC$8=BC12,BD$8=BD12,BC$8<>""),5,IF(AND(BC$8>BD11,BC12>BD12,(BC$8-BD$8)=(BC12-BD12),BC$8<>""),3,IF(AND(BC$8<BD$8,BC12<BD12,(BC$8-BD$8)=(BC12-BD12),BC$8<>""),3,IF(AND((BC$8-BD$8)=0,(BC12-BD12)=0,BC$8<>""),3,IF(AND(BC$8<BD$8,BC12>BD12),0,IF(AND(BC$8>BD$8,BC12<BD12),0,IF(AND(BC$8>BD$8,BC12>BD12,BC$8<>""),1,IF(AND(BC$8<BD$8,BC12<BD12,BC$8<>""),1,IF(AND(BC$8="",BD$8=""),0,0))))))))) -> 0 | BF12: 1 | BG12: 0 | BH12: =IF(AND(BF$8=BF12,BG$8=BG12,BF$8<>""),5,IF(AND(BF$8>BG11,BF12>BG12,(BF$8-BG$8)=(BF12-BG12),BF$8<>""),3,IF(AND(BF$8<BG$8,BF12<BG12,(BF$8-BG$8)=(BF12-BG12),BF$8<>""),3,IF(AND((BF$8-BG$8)=0,(BF12-BG12)=0,BF$8<>""),3,IF(AND(BF$8<BG$8,BF12>BG12),0,IF(AND(BF$8>BG$8,BF12<BG12),0,IF(AND(BF$8>BG$8,BF12>BG12,BF$8<>""),1,IF(AND(BF$8<BG$8,BF12<BG12,BF$8<>""),1,IF(AND(BF$8="",BG$8=""),0,0))))))))) -> 0 | BI12: 2 | BJ12: 0 | BK12: =IF(AND(BI$8=BI12,BJ$8=BJ12,BI$8<>""),5,IF(AND(BI$8>BJ11,BI12>BJ12,(BI$8-BJ$8)=(BI12-BJ12),BI$8<>""),3,IF(AND(BI$8<BJ$8,BI12<BJ12,(BI$8-BJ$8)=(BI12-BJ12),BI$8<>""),3,IF(AND((BI$8-BJ$8)=0,(BI12-BJ12)=0,BI$8<>""),3,IF(AND(BI$8<BJ$8,BI12>BJ12),0,IF(AND(BI$8>BJ$8,BI12<BJ12),0,IF(AND(BI$8>BJ$8,BI12>BJ12,BI$8<>""),1,IF(AND(BI$8<BJ$8,BI12<BJ12,BI$8<>""),1,IF(AND(BI$8="",BJ$8=""),0,0))))))))) -> 0 | BL12: 2 | BM12: 0 | BN12: =IF(AND(BL$8=BL12,BM$8=BM12,BL$8<>""),5,IF(AND(BL$8>BM11,BL12>BM12,(BL$8-BM$8)=(BL12-BM12),BL$8<>""),3,IF(AND(BL$8<BM$8,BL12<BM12,(BL$8-BM$8)=(BL12-BM12),BL$8<>""),3,IF(AND((BM$8-BL$8)=0,(BL12-BM12)=0,BL$8<>""),3,IF(AND(BL$8<BM$8,BL12>BM12),0,IF(AND(BL$8>BM$8,BL12<BM12),0,IF(AND(BL$8>BM$8,BL12>BM12,BL$8<>""),1,IF(AND(BL$8<BM$8,BL12<BM12,BL$8<>""),1,IF(AND(BL$8="",BM$8=""),0,0))))))))) -> 0 | BO12: 2 | BP12: 1 | BQ12: =IF(AND(BO$8=BO12,BP$8=BP12,BO$8<>""),5,IF(AND(BO$8>BP11,BO12>BP12,(BO$8-BP$8)=(BO12-BP12),BO$8<>""),3,IF(AND(BO$8<BP$8,BO12<BP12,(BO$8-BP$8)=(BO12-BP12),BO$8<>""),3,IF(AND((BO$8-BP$8)=0,(BO12-BP12)=0,BO$8<>""),3,IF(AND(BO$8<BP$8,BO12>BP12),0,IF(AND(BO$8>BP$8,BO12<BP12),0,IF(AND(BO$8>BP$8,BO12>BP12,BO$8<>""),1,IF(AND(BO$8<BP$8,BO12<BP12,BO$8<>""),1,IF(AND(BO$8="",BP$8=""),0,0))))))))) -> 0 | BR12: 0 | BS12: 1 | BT12: =IF(AND(BR$8=BR12,BS$8=BS12,BR$8<>""),5,IF(AND(BR$8>BS11,BR12>BS12,(BR$8-BS$8)=(BR12-BS12),BR$8<>""),3,IF(AND(BR$8<BS$8,BR12<BS12,(BR$8-BS$8)=(BR12-BS12),BR$8<>""),3,IF(AND((BR$8-BS$8)=0,(BR12-BS12)=0,BR$8<>""),3,IF(AND(BR$8<BS$8,BR12>BS12),0,IF(AND(BR$8>BS$8,BR12<BS12),0,IF(AND(BR$8>BS$8,BR12>BS12,BR$8<>""),1,IF(AND(BR$8<BS$8,BR12<BS12,BR$8<>""),1,IF(AND(BR$8="",BS$8=""),0,0))))))))) -> 0 | BU12: 2 | BV12: 0 | BW12: =IF(AND(BU$8=BU12,BV$8=BV12,BU$8<>""),5,IF(AND(BU$8>BV11,BU12>BV12,(BU$8-BV$8)=(BU12-BV12),BU$8<>""),3,IF(AND(BU$8<BV$8,BU12<BV12,(BU$8-BV$8)=(BU12-BV12),BU$8<>""),3,IF(AND((BU$8-BV$8)=0,(BU12-BV12)=0,BU$8<>""),3,IF(AND(BU$8<BV$8,BU12>BV12),0,IF(AND(BU$8>BV$8,BU12<BV12),0,IF(AND(BU$8>BV$8,BU12>BV12,BU$8<>""),1,IF(AND(BU$8<BV$8,BU12<BV12,BU$8<>""),1,IF(AND(BU$8="",BV$8=""),0,0))))))))) -> 0 | BX12: 1 | BY12: 0 | BZ12: =IF(AND(BX$8=BX12,BY$8=BY12,BX$8<>""),5,IF(AND(BX$8>BY11,BX12>BY12,(BX$8-BY$8)=(BX12-BY12),BX$8<>""),3,IF(AND(BX$8<BY$8,BX12<BY12,(BX$8-BY$8)=(BX12-BY12),BX$8<>""),3,IF(AND((BX$8-BY$8)=0,(BX12-BY12)=0,BX$8<>""),3,IF(AND(BX$8<BY$8,BX12>BY12),0,IF(AND(BX$8>BY$8,BX12<BY12),0,IF(AND(BX$8>BY$8,BX12>BY12,BX$8<>""),1,IF(AND(BX$8<BY$8,BX12<BY12,BX$8<>""),1,IF(AND(BX$8="",BY$8=""),0,0))))))))) -> 0 | CA12: 2 | CB12: 1 | CC12: =IF(AND(CA$8=CA12,CB$8=CB12,CA$8<>""),5,IF(AND(CA$8>CB11,CA12>CB12,(CA$8-CB$8)=(CA12-CB12),CA$8<>""),3,IF(AND(CA$8<CB$8,CA12<CB12,(CA$8-CB$8)=(CA12-CB12),CA$8<>""),3,IF(AND((CA$8-CB$8)=0,(CA12-CB12)=0,CA$8<>""),3,IF(AND(CA$8<CB$8,CA12>CB12),0,IF(AND(CA$8>CB$8,CA12<CB12),0,IF(AND(CA$8>CB$8,CA12>CB12,CA$8<>""),1,IF(AND(CA$8<CB$8,CA12<CB12,CA$8<>""),1,IF(AND(CA$8="",CB$8=""),0,0))))))))) -> 0 | CD12: 3 | CE12: 0 | CF12: =IF(AND(CD$8=CD12,CE$8=CE12,CD$8<>""),5,IF(AND(CD$8>CE11,CD12>CE12,(CD$8-CE$8)=(CD12-CE12),CD$8<>""),3,IF(AND(CD$8<CE$8,CD12<CE12,(CD$8-CE$8)=(CD12-CE12),CD$8<>""),3,IF(AND((CD$8-CE$8)=0,(CD12-CE12)=0,CD$8<>""),3,IF(AND(CD$8<CE$8,CD12>CE12),0,IF(AND(CD$8>CE$8,CD12<CE12),0,IF(AND(CD$8>CE$8,CD12>CE12,CD$8<>""),1,IF(AND(CD$8<CE$8,CD12<CE12,CD$8<>""),1,IF(AND(CD$8="",CE$8=""),0,0))))))))) -> 0 | CG12: 2 | CH12: 1 | CI12: =IF(AND(CG$8=CG12,CH$8=CH12,CG$8<>""),5,IF(AND(CG$8>CH11,CG12>CH12,(CG$8-CH$8)=(CG12-CH12),CG$8<>""),3,IF(AND(CG$8<CH$8,CG12<CH12,(CG$8-CH$8)=(CG12-CH12),CG$8<>""),3,IF(AND((CG$8-CH$8)=0,(CG12-CH12)=0,CG$8<>""),3,IF(AND(CG$8<CH$8,CG12>CH12),0,IF(AND(CG$8>CH$8,CG12<CH12),0,IF(AND(CG$8>CH$8,CG12>CH12,CG$8<>""),1,IF(AND(CG$8<CH$8,CG12<CH12,CG$8<>""),1,IF(AND(CG$8="",CH$8=""),0,0))))))))) -> 0 | CJ12: 1 | CK12: 0 | CL12: =IF(AND(CJ$8=CJ12,CK$8=CK12,CJ$8<>""),5,IF(AND(CJ$8>CK11,CJ12>CK12,(CJ$8-CK$8)=(CJ12-CK12),CJ$8<>""),3,IF(AND(CJ$8<CK$8,CJ12<CK12,(CJ$8-CK$8)=(CJ12-CK12),CJ$8<>""),3,IF(AND((CJ$8-CK$8)=0,(CJ12-CK12)=0,CJ$8<>""),3,IF(AND(CJ$8<CK$8,CJ12>CK12),0,IF(AND(CJ$8>CK$8,CJ12<CK12),0,IF(AND(CJ$8>CK$8,CJ12>CK12,CJ$8<>""),1,IF(AND(CJ$8<CK$8,CJ12<CK12,CJ$8<>""),1,IF(AND(CJ$8="",CK$8=""),0,0))))))))) -> 0 | CM12: 2 | CN12: 1 | CO12: =IF(AND(CM$8=CM12,CN$8=CN12,CM$8<>""),5,IF(AND(CM$8>CN11,CM12>CN12,(CM$8-CN$8)=(CM12-CN12),CM$8<>""),3,IF(AND(CM$8<CN$8,CM12<CN12,(CM$8-CN$8)=(CM12-CN12),CM$8<>""),3,IF(AND((CM$8-CN$8)=0,(CM12-CN12)=0,CM$8<>""),3,IF(AND(CM$8<CN$8,CM12>CN12),0,IF(AND(CM$8>CN$8,CM12<CN12),0,IF(AND(CM$8>CN$8,CM12>CN12,CM$8<>""),1,IF(AND(CM$8<CN$8,CM12<CN12,CM$8<>""),1,IF(AND(CM$8="",CN$8=""),0,0))))))))) -> 0 | CP12: 1 | CQ12: 1 | CR12: =IF(AND(CP$8=CP12,CQ$8=CQ12,CP$8<>""),5,IF(AND(CP$8>CQ11,CP12>CQ12,(CP$8-CQ$8)=(CP12-CQ12),CP$8<>""),3,IF(AND(CP$8<CQ$8,CP12<CQ12,(CP$8-CQ$8)=(CP12-CQ12),CP$8<>""),3,IF(AND((CP$8-CQ$8)=0,(CP12-CQ12)=0,CP$8<>""),3,IF(AND(CP$8<CQ$8,CP12>CQ12),0,IF(AND(CP$8>CQ$8,CP12<CQ12),0,IF(AND(CP$8>CQ$8,CP12>CQ12,CP$8<>""),1,IF(AND(CP$8<CQ$8,CP12<CQ12,CP$8<>""),1,IF(AND(CP$8="",CQ$8=""),0,0))))))))) -> 0 | CS12: 0 | CT12: 1 | CU12: =IF(AND(CS$8=CS12,CT$8=CT12,CS$8<>""),5,IF(AND(CS$8>CT11,CS12>CT12,(CS$8-CT$8)=(CS12-CT12),CS$8<>""),3,IF(AND(CS$8<CT$8,CS12<CT12,(CS$8-CT$8)=(CS12-CT12),CS$8<>""),3,IF(AND((CS$8-CT$8)=0,(CS12-CT12)=0,CS$8<>""),3,IF(AND(CS$8<CT$8,CS12>CT12),0,IF(AND(CS$8>CT$8,CS12<CT12),0,IF(AND(CS$8>CT$8,CS12>CT12,CS$8<>""),1,IF(AND(CS$8<CT$8,CS12<CT12,CS$8<>""),1,IF(AND(CS$8="",CT$8=""),0,0))))))))) -> 0 | CV12: 2 | CW12: 1 | CX12: =IF(AND(CV$8=CV12,CW$8=CW12,CV$8<>""),5,IF(AND(CV$8>CW11,CV12>CW12,(CV$8-CW$8)=(CV12-CW12),CV$8<>""),3,IF(AND(CV$8<CW$8,CV12<CW12,(CV$8-CW$8)=(CV12-CW12),CV$8<>""),3,IF(AND((CV$8-CW$8)=0,(CV12-CW12)=0,CV$8<>""),3,IF(AND(CV$8<CW$8,CV12>CW12),0,IF(AND(CV$8>CW$8,CV12<CW12),0,IF(AND(CV$8>CW$8,CV12>CW12,CV$8<>""),1,IF(AND(CV$8<CW$8,CV12<CW12,CV$8<>""),1,IF(AND(CV$8="",CW$8=""),0,0))))))))) -> 0 | CY12: 2 | CZ12: 0 | DA12: =IF(AND(CY$8=CY12,CZ$8=CZ12,CY$8<>""),5,IF(AND(CY$8>CZ11,CY12>CZ12,(CY$8-CZ$8)=(CY12-CZ12),CY$8<>""),3,IF(AND(CY$8<CZ$8,CY12<CZ12,(CY$8-CZ$8)=(CY12-CZ12),CY$8<>""),3,IF(AND((CY$8-CZ$8)=0,(CY12-CZ12)=0,CY$8<>""),3,IF(AND(CY$8<CZ$8,CY12>CZ12),0,IF(AND(CY$8>CZ$8,CY12<CZ12),0,IF(AND(CY$8>CZ$8,CY12>CZ12,CY$8<>""),1,IF(AND(CY$8<CZ$8,CY12<CZ12,CY$8<>""),1,IF(AND(CY$8="",CZ$8=""),0,0))))))))) -> 0 | DB12: 0 | DC12: 2 | DD12: =IF(AND(DB$8=DB12,DC$8=DC12,DB$8<>""),5,IF(AND(DB$8>DC11,DB12>DC12,(DB$8-DC$8)=(DB12-DC12),DB$8<>""),3,IF(AND(DB$8<DC$8,DB12<DC12,(DB$8-DC$8)=(DB12-DC12),DB$8<>""),3,IF(AND((DB$8-DC$8)=0,(DB12-DC12)=0,DB$8<>""),3,IF(AND(DB$8<DC$8,DB12>DC12),0,IF(AND(DB$8>DC$8,DB12<DC12),0,IF(AND(DB$8>DC$8,DB12>DC12,DB$8<>""),1,IF(AND(DB$8<DC$8,DB12<DC12,DB$8<>""),1,IF(AND(DB$8="",DC$8=""),0,0))))))))) -> 0 | DE12: 1 | DF12: 1 | DG12: =IF(AND(DE$8=DE12,DF$8=DF12,DE$8<>""),5,IF(AND(DE$8>DF11,DE12>DF12,(DE$8-DF$8)=(DE12-DF12),DE$8<>""),3,IF(AND(DE$8<DF$8,DE12<DF12,(DE$8-DF$8)=(DE12-DF12),DE$8<>""),3,IF(AND((DE$8-DF$8)=0,(DE12-DF12)=0,DE$8<>""),3,IF(AND(DE$8<DF$8,DE12>DF12),0,IF(AND(DE$8>DF$8,DE12<DF12),0,IF(AND(DE$8>DF$8,DE12>DF12,DE$8<>""),1,IF(AND(DE$8<DF$8,DE12<DF12,DE$8<>""),1,IF(AND(DE$8="",DF$8=""),0,0))))))))) -> 0 | DH12: 0 | DI12: 1 | DJ12: =IF(AND(DH$8=DH12,DI$8=DI12,DH$8<>""),5,IF(AND(DH$8>DI11,DH12>DI12,(DH$8-DI$8)=(DH12-DI12),DH$8<>""),3,IF(AND(DH$8<DI$8,DH12<DI12,(DH$8-DI$8)=(DH12-DI12),DH$8<>""),3,IF(AND((DH$8-DI$8)=0,(DH12-DI12)=0,DH$8<>""),3,IF(AND(DH$8<DI$8,DH12>DI12),0,IF(AND(DH$8>DI$8,DH12<DI12),0,IF(AND(DH$8>DI$8,DH12>DI12,DH$8<>""),1,IF(AND(DH$8<DI$8,DH12<DI12,DH$8<>""),1,IF(AND(DH$8="",DI$8=""),0,0))))))))) -> 0 | DK12: 0 | DL12: 1 | DM12: =IF(AND(DK$8=DK12,DL$8=DL12,DK$8<>""),5,IF(AND(DK$8>DL11,DK12>DL12,(DK$8-DL$8)=(DK12-DL12),DK$8<>""),3,IF(AND(DK$8<DL$8,DK12<DL12,(DK$8-DL$8)=(DK12-DL12),DK$8<>""),3,IF(AND((DK$8-DL$8)=0,(DK12-DL12)=0,DK$8<>""),3,IF(AND(DK$8<DL$8,DK12>DL12),0,IF(AND(DK$8>DL$8,DK12<DL12),0,IF(AND(DK$8>DL$8,DK12>DL12,DK$8<>""),1,IF(AND(DK$8<DL$8,DK12<DL12,DK$8<>""),1,IF(AND(DK$8="",DL$8=""),0,0))))))))) -> 0 | DN12: 1 | DO12: 2 | DP12: =IF(AND(DN$8=DN12,DO$8=DO12,DN$8<>""),5,IF(AND(DN$8>DO11,DN12>DO12,(DN$8-DO$8)=(DN12-DO12),DN$8<>""),3,IF(AND(DN$8<DO$8,DN12<DO12,(DN$8-DO$8)=(DN12-DO12),DN$8<>""),3,IF(AND((DN$8-DO$8)=0,(DN12-DO12)=0,DN$8<>""),3,IF(AND(DN$8<DO$8,DN12>DO12),0,IF(AND(DN$8>DO$8,DN12<DO12),0,IF(AND(DN$8>DO$8,DN12>DO12,DN$8<>""),1,IF(AND(DN$8<DO$8,DN12<DO12,DN$8<>""),1,IF(AND(DN$8="",DO$8=""),0,0))))))))) -> 0 | DQ12: 0 | DR12: 0 | DS12: =IF(AND(DQ$8=DQ12,DR$8=DR12,DQ$8<>""),5,IF(AND(DQ$8>DR11,DQ12>DR12,(DQ$8-DR$8)=(DQ12-DR12),DQ$8<>""),3,IF(AND(DQ$8<DR$8,DQ12<DR12,(DQ$8-DR$8)=(DQ12-DR12),DQ$8<>""),3,IF(AND((DQ$8-DR$8)=0,(DQ12-DR12)=0,DQ$8<>""),3,IF(AND(DQ$8<DR$8,DQ12>DR12),0,IF(AND(DQ$8>DR$8,DQ12<DR12),0,IF(AND(DQ$8>DR$8,DQ12>DR12,DQ$8<>""),1,IF(AND(DQ$8<DR$8,DQ12<DR12,DQ$8<>""),1,IF(AND(DQ$8="",DR$8=""),0,0))))))))) -> 0 | DT12: 1 | DU12: 2 | DV12: =IF(AND(DT$8=DT12,DU$8=DU12,DT$8<>""),5,IF(AND(DT$8>DU11,DT12>DU12,(DT$8-DU$8)=(DT12-DU12),DT$8<>""),3,IF(AND(DT$8<DU$8,DT12<DU12,(DT$8-DU$8)=(DT12-DU12),DT$8<>""),3,IF(AND((DT$8-DU$8)=0,(DT12-DU12)=0,DT$8<>""),3,IF(AND(DT$8<DU$8,DT12>DU12),0,IF(AND(DT$8>DU$8,DT12<DU12),0,IF(AND(DT$8>DU$8,DT12>DU12,DT$8<>""),1,IF(AND(DT$8<DU$8,DT12<DU12,DT$8<>""),1,IF(AND(DT$8="",DU$8=""),0,0))))))))) -> 0 | DW12: 0 | DX12: 2 | DY12: =IF(AND(DW$8=DW12,DX$8=DX12,DW$8<>""),5,IF(AND(DW$8>DX11,DW12>DX12,(DW$8-DX$8)=(DW12-DX12),DW$8<>""),3,IF(AND(DW$8<DX$8,DW12<DX12,(DW$8-DX$8)=(DW12-DX12),DW$8<>""),3,IF(AND((DW$8-DX$8)=0,(DW12-DX12)=0,DW$8<>""),3,IF(AND(DW$8<DX$8,DW12>DX12),0,IF(AND(DW$8>DX$8,DW12<DX12),0,IF(AND(DW$8>DX$8,DW12>DX12,DW$8<>""),1,IF(AND(DW$8<DX$8,DW12<DX12,DW$8<>""),1,IF(AND(DW$8="",DX$8=""),0,0))))))))) -> 0 | DZ12: 1 | EA12: 1 | EB12: =IF(AND(DZ$8=DZ12,EA$8=EA12,DZ$8<>""),5,IF(AND(DZ$8>EA11,DZ12>EA12,(DZ$8-EA$8)=(DZ12-EA12),DZ$8<>""),3,IF(AND(DZ$8<EA$8,DZ12<EA12,(DZ$8-EA$8)=(DZ12-EA12),DZ$8<>""),3,IF(AND((DZ$8-EA$8)=0,(DZ12-EA12)=0,DZ$8<>""),3,IF(AND(DZ$8<EA$8,DZ12>EA12),0,IF(AND(DZ$8>EA$8,DZ12<EA12),0,IF(AND(DZ$8>EA$8,DZ12>EA12,DZ$8<>""),1,IF(AND(DZ$8<EA$8,DZ12<EA12,DZ$8<>""),1,IF(AND(DZ$8="",EA$8=""),0,0))))))))) -> 0 | EC12: 1 | ED12: 0 | EE12: =IF(AND(EC$8=EC12,ED$8=ED12,EC$8<>""),5,IF(AND(EC$8>ED11,EC12>ED12,(EC$8-ED$8)=(EC12-ED12),EC$8<>""),3,IF(AND(EC$8<ED$8,EC12<ED12,(EC$8-ED$8)=(EC12-ED12),EC$8<>""),3,IF(AND((EC$8-ED$8)=0,(EC12-ED12)=0,EC$8<>""),3,IF(AND(EC$8<ED$8,EC12>ED12),0,IF(AND(EC$8>ED$8,EC12<ED12),0,IF(AND(EC$8>ED$8,EC12>ED12,EC$8<>""),1,IF(AND(EC$8<ED$8,EC12<ED12,EC$8<>""),1,IF(AND(EC$8="",ED$8=""),0,0))))))))) -> 0 | EF12: 0 | EG12: 1 | EH12: =IF(AND(EF$8=EF12,EG$8=EG12,EF$8<>""),5,IF(AND(EF$8>EG11,EF12>EG12,(EF$8-EG$8)=(EF12-EG12),EF$8<>""),3,IF(AND(EF$8<EG$8,EF12<EG12,(EF$8-EG$8)=(EF12-EG12),EF$8<>""),3,IF(AND((EF$8-EG$8)=0,(EF12-EG12)=0,EF$8<>""),3,IF(AND(EF$8<EG$8,EF12>EG12),0,IF(AND(EF$8>EG$8,EF12<EG12),0,IF(AND(EF$8>EG$8,EF12>EG12,EF$8<>""),1,IF(AND(EF$8<EG$8,EF12<EG12,EF$8<>""),1,IF(AND(EF$8="",EG$8=""),0,0))))))))) -> 0 | EI12: 1 | EJ12: 2 | EK12: =IF(AND(EI$8=EI12,EJ$8=EJ12,EI$8<>""),5,IF(AND(EI$8>EJ11,EI12>EJ12,(EI$8-EJ$8)=(EI12-EJ12),EI$8<>""),3,IF(AND(EI$8<EJ$8,EI12<EJ12,(EI$8-EJ$8)=(EI12-EJ12),EI$8<>""),3,IF(AND((EI$8-EJ$8)=0,(EI12-EJ12)=0,EI$8<>""),3,IF(AND(EI$8<EJ$8,EI12>EJ12),0,IF(AND(EI$8>EJ$8,EI12<EJ12),0,IF(AND(EI$8>EJ$8,EI12>EJ12,EI$8<>""),1,IF(AND(EI$8<EJ$8,EI12<EJ12,EI$8<>""),1,IF(AND(EI$8="",EJ$8=""),0,0))))))))) -> 0 | EL12: 0 | EM12: 1 | EN12: =IF(AND(EL$8=EL12,EM$8=EM12,EL$8<>""),5,IF(AND(EL$8>EM11,EL12>EM12,(EL$8-EM$8)=(EL12-EM12),EL$8<>""),3,IF(AND(EL$8<EM$8,EL12<EM12,(EL$8-EM$8)=(EL12-EM12),EL$8<>""),3,IF(AND((EL$8-EM$8)=0,(EL12-EM12)=0,EL$8<>""),3,IF(AND(EL$8<EM$8,EL12>EM12),0,IF(AND(EL$8>EM$8,EL12<EM12),0,IF(AND(EL$8>EM$8,EL12>EM12,EL$8<>""),1,IF(AND(EL$8<EM$8,EL12<EM12,EL$8<>""),1,IF(AND(EL$8="",EM$8=""),0,0))))))))) -> 0 | EO12: 1 | EP12: 2 | EQ12: =IF(AND(EO$8=EO12,EP$8=EP12,EO$8<>""),5,IF(AND(EO$8>EP11,EO12>EP12,(EO$8-EP$8)=(EO12-EP12),EO$8<>""),3,IF(AND(EO$8<EP$8,EO12<EP12,(EO$8-EP$8)=(EO12-EP12),EO$8<>""),3,IF(AND((EO$8-EP$8)=0,(EO12-EP12)=0,EO$8<>""),3,IF(AND(EO$8<EP$8,EO12>EP12),0,IF(AND(EO$8>EP$8,EO12<EP12),0,IF(AND(EO$8>EP$8,EO12>EP12,EO$8<>""),1,IF(AND(EO$8<EP$8,EO12<EP12,EO$8<>""),1,IF(AND(EO$8="",EP$8=""),0,0))))))))) -> 0 | ER12: =F12+I12+L12+O12+R12+U12+X12+AA12+AD12+AG12+AJ12+AM12+AP12+AS12+AV12+AY12+BB12+BE12+BH12+BK12+BN12+BQ12+BT12+BW12+BZ12+CC12+CF12+CI12+CL12+CO12+CR12+CU12+CX12+DA12+DD12+DG12+DJ12+DM12+DP12+DS12+DV12+DY12+EB12+EE12+EH12+EK12+EN12+EQ12 -> 25
A13: 5 | B13: LEONARDO NAVAS | C13: =ER13 -> 24 | D13: 1 | E13: 2 | F13: =IF(AND(D$8=D13,E$8=E13,D$8<>""),5,IF(AND(D$8>E$8,D13>E13,(D$8-E$8)=(D13-E13),D$8<>""),3,IF(AND(D$8<E$8,D13<E13,(E$8-D$8)=(E13-D13),D$8<>""),3,IF(AND((D$8-E$8)=0,(D13-E13)=0,D$8<>""),3,IF(AND(D$8<E$8,D13>E13),0,IF(AND(D$8>E$8,D13<E13),0,IF(AND(D$8>E$8,D13>E13,D$8<>""),1,IF(AND(D$8<E$8,D13<E13,D$8<>""),1,IF(AND(D$8="",E$8=""),0,0))))))))) -> 1 | G13: 1 | H13: 1 | I13: =IF(AND(G$8=G13,H$8=H13,G$8<>""),5,IF(AND(G$8>H$8,G13>H13,(G$8-H$8)=(G13-H13),G$8<>""),3,IF(AND(G$8<H$8,G13<H13,(H$8-G$8)=(H13-G13),G$8<>""),3,IF(AND((G$8-H$8)=0,(G13-H13)=0,G$8<>""),3,IF(AND(G$8<H$8,G13>H13),0,IF(AND(G$8>H$8,G13<H13),0,IF(AND(G$8>H$8,G13>H13,G$8<>""),1,IF(AND(G$8<H$8,G13<H13,G$8<>""),1,IF(AND(G$8="",H$8=""),0,0))))))))) -> 0 | J13: 3 | K13: 2 | L13: =IF(AND(J$8=J13,K$8=K13,J$8<>""),5,IF(AND(J$8>K$8,J13>K13,(J$8-K$8)=(J13-K13),J$8<>""),3,IF(AND(J$8<K$8,J13<K13,(K$8-J$8)=(K13-J13),J$8<>""),3,IF(AND((J$8-K$8)=0,(J13-K13)=0,J$8<>""),3,IF(AND(J$8<K$8,J13>K13),0,IF(AND(J$8>K$8,J13<K13),0,IF(AND(J$8>K$8,J13>K13,J$8<>""),1,IF(AND(J$8<K$8,J13<K13,J$8<>""),1,IF(AND(J$8="",K$8=""),0,0))))))))) -> 1 | M13: 2 | N13: 2 | O13: =IF(AND(M$8=M13,N$8=N13,M$8<>""),5,IF(AND(M$8>N$8,M13>N13,(M$8-N$8)=(M13-N13),M$8<>""),3,IF(AND(M$8<N$8,M13<N13,(N$8-M$8)=(N13-M13),M$8<>""),3,IF(AND((M$8-N$8)=0,(M13-N13)=0,M$8<>""),3,IF(AND(M$8<N$8,M13>N13),0,IF(AND(M$8>N$8,M13<N13),0,IF(AND(M$8>N$8,M13>N13,M$8<>""),1,IF(AND(M$8<N$8,M13<N13,M$8<>""),1,IF(AND(M$8="",N$8=""),0,0))))))))) -> 3 | P13: 2 | Q13: 1 | R13: =IF(AND(P$8=P13,Q$8=Q13,P$8<>""),5,IF(AND(P$8>Q$8,P13>Q13,(P$8-Q$8)=(P13-Q13),P$8<>""),3,IF(AND(P$8<Q$8,P13<Q13,(Q$8-P$8)=(Q13-P13),P$8<>""),3,IF(AND((P$8-Q$8)=0,(P13-Q13)=0,P$8<>""),3,IF(AND(P$8<Q$8,P13>Q13),0,IF(AND(P$8>Q$8,P13<Q13),0,IF(AND(P$8>Q$8,P13>Q13,P$8<>""),1,IF(AND(P$8<Q$8,P13<Q13,P$8<>""),1,IF(AND(P$8="",Q$8=""),0,0))))))))) -> 0 | S13: 2 | T13: 2 | U13: =IF(AND(S$8=S13,T$8=T13,S$8<>""),5,IF(AND(S$8>T$8,S13>T13,(S$8-T$8)=(S13-T13),S$8<>""),3,IF(AND(S$8<T$8,S13<T13,(T$8-S$8)=(T13-S13),S$8<>""),3,IF(AND((S$8-T$8)=0,(S13-T13)=0,S$8<>""),3,IF(AND(S$8<T$8,S13>T13),0,IF(AND(S$8>T$8,S13<T13),0,IF(AND(S$8>T$8,S13>T13,S$8<>""),1,IF(AND(S$8<T$8,S13<T13,S$8<>""),1,IF(AND(S$8="",T$8=""),0,0))))))))) -> 3 | V13: 1 | W13: 2 | X13: =IF(AND(V$8=V13,W$8=W13,V$8<>""),5,IF(AND(V$8>W$8,V13>W13,(V$8-W$8)=(V13-W13),V$8<>""),3,IF(AND(V$8<W$8,V13<W13,(W$8-V$8)=(W13-V13),V$8<>""),3,IF(AND((V$8-W$8)=0,(V13-W13)=0,V$8<>""),3,IF(AND(V$8<W$8,V13>W13),0,IF(AND(V$8>W$8,V13<W13),0,IF(AND(V$8>W$8,V13>W13,V$8<>""),1,IF(AND(V$8<W$8,V13<W13,V$8<>""),1,IF(AND(V$8="",W$8=""),0,0))))))))) -> 0 | Y13: 3 | Z13: 0 | AA13: =IF(AND(Y$8=Y13,Z$8=Z13,Y$8<>""),5,IF(AND(Y$8>Z$8,Y13>Z13,(Y$8-Z$8)=(Y13-Z13),Y$8<>""),3,IF(AND(Y$8<Z$8,Y13<Z13,(Z$8-Y$8)=(Z13-Y13),Y$8<>""),3,IF(AND((Y$8-Z$8)=0,(Y13-Z13)=0,Y$8<>""),3,IF(AND(Y$8<Z$8,Y13>Z13),0,IF(AND(Y$8>Z$8,Y13<Z13),0,IF(AND(Y$8>Z$8,Y13>Z13,Y$8<>""),1,IF(AND(Y$8<Z$8,Y13<Z13,Y$8<>""),1,IF(AND(Y$8="",Z$8=""),0,0))))))))) -> 3 | AB13: 3 | AC13: 0 | AD13: =IF(AND(AB$8=AB13,AC$8=AC13,AB$8<>""),5,IF(AND(AB$8>AC$8,AB13>AC13,(AB$8-AC$8)=(AB13-AC13),AB$8<>""),3,IF(AND(AB$8<AC$8,AB13<AC13,(AC$8-AB$8)=(AC13-AB13),AB$8<>""),3,IF(AND((AB$8-AC$8)=0,(AB13-AC13)=0,AB$8<>""),3,IF(AND(AB$8<AC$8,AB13>AC13),0,IF(AND(AB$8>AC$8,AB13<AC13),0,IF(AND(AB$8>AC$8,AB13>AC13,AB$8<>""),1,IF(AND(AB$8<AC$8,AB13<AC13,AB$8<>""),1,IF(AND(AB$8="",AC$8=""),0,0))))))))) -> 0 | AE13: 1 | AF13: 0 | AG13: =IF(AND(AE$8=AE13,AF$8=AF13,AE$8<>""),5,IF(AND(AE$8>AF$8,AE13>AF13,(AE$8-AF$8)=(AE13-AF13),AE$8<>""),3,IF(AND(AE$8<AF$8,AE13<AF13,(AE$8-AF$8)=(AE13-AF13),AE$8<>""),3,IF(AND((AE$8-AF$8)=0,(AE13-AF13)=0,AE$8<>""),3,IF(AND(AE$8<AF$8,AE13>AF13),0,IF(AND(AE$8>AF$8,AE13<AF13),0,IF(AND(AE$8>AF$8,AE13>AF13,AE$8<>""),1,IF(AND(AE$8<AF$8,AE13<AF13,AE$8<>""),1,IF(AND(AE$8="",AF$8=""),0,0))))))))) -> 1 | AH13: 1 | AI13: 1 | AJ13: =IF(AND(AH$8=AH13,AI$8=AI13,AH$8<>""),5,IF(AND(AH$8>AI$8,AH13>AI13,(AH$8-AI$8)=(AH13-AI13),AH$8<>""),3,IF(AND(AH$8<AI$8,AH13<AI13,(AH$8-AI$8)=(AH13-AI13),AH$8<>""),3,IF(AND((AH$8-AI$8)=0,(AH13-AI13)=0,AH$8<>""),3,IF(AND(AH$8<AI$8,AH13>AI13),0,IF(AND(AH$8>AI$8,AH13<AI13),0,IF(AND(AH$8>AI$8,AH13>AI13,AH$8<>""),1,IF(AND(AH$8<AI$8,AH13<AI13,AH$8<>""),1,IF(AND(AH$8="",AI$8=""),0,0))))))))) -> 3 | AK13: 2 | AL13: 0 | AM13: =IF(AND(AK$8=AK13,AL$8=AL13,AK$8<>""),5,IF(AND(AK$8>AL$8,AK13>AL13,(AK$8-AL$8)=(AK13-AL13),AK$8<>""),3,IF(AND(AK$8<AL$8,AK13<AL13,(AK$8-AL$8)=(AK13-AL13),AK$8<>""),3,IF(AND((AK$8-AL$8)=0,(AK13-AL13)=0,AK$8<>""),3,IF(AND(AK$8<AL$8,AK13>AL13),0,IF(AND(AK$8>AL$8,AK13<AL13),0,IF(AND(AK$8>AL$8,AK13>AL13,AK$8<>""),1,IF(AND(AK$8<AL$8,AK13<AL13,AK$8<>""),1,IF(AND(AK$8="",AL$8=""),0,0))))))))) -> 1 | AN13: 1 | AO13: 0 | AP13: =IF(AND(AN$8=AN13,AO$8=AO13,AN$8<>""),5,IF(AND(AN$8>AO$8,AN13>AO13,(AN$8-AO$8)=(AN13-AO13),AN$8<>""),3,IF(AND(AN$8<AO$8,AN13<AO13,(AN$8-AO$8)=(AN13-AO13),AN$8<>""),3,IF(AND((AN$8-AO$8)=0,(AN13-AO13)=0,AN$8<>""),3,IF(AND(AN$8<AO$8,AN13>AO13),0,IF(AND(AN$8>AO$8,AN13<AO13),0,IF(AND(AN$8>AO$8,AN13>AO13,AN$8<>""),1,IF(AND(AN$8<AO$8,AN13<AO13,AN$8<>""),1,IF(AND(AN$8="",AO$8=""),0,0))))))))) -> 5 | AQ13: 2 | AR13: 1 | AS13: =IF(AND(AQ$8=AQ13,AR$8=AR13,AQ$8<>""),5,IF(AND(AQ$8>AR12,AQ13>AR13,(AQ$8-AR$8)=(AQ13-AR13),AQ$8<>""),3,IF(AND(AQ$8<AR$8,AQ13<AR13,(AQ$8-AR$8)=(AQ13-AR13),AQ$8<>""),3,IF(AND((AQ$8-AR$8)=0,(AQ13-AR13)=0,AQ$8<>""),3,IF(AND(AQ$8<AR$8,AQ13>AR13),0,IF(AND(AQ$8>AR$8,AQ13<AR13),0,IF(AND(AQ$8>AR$8,AQ13>AR13,AQ$8<>""),1,IF(AND(AQ$8<AR$8,AQ13<AR13,AQ$8<>""),1,IF(AND(AQ$8="",AR$8=""),0,0))))))))) -> 1 | AT13: 2 | AU13: 1 | AV13: =IF(AND(AT$8=AT13,AU$8=AU13,AT$8<>""),5,IF(AND(AT$8>AU12,AT13>AU13,(AT$8-AU$8)=(AT13-AU13),AT$8<>""),3,IF(AND(AT$8<AU$8,AT13<AU13,(AT$8-AU$8)=(AT13-AU13),AT$8<>""),3,IF(AND((AT$8-AU$8)=0,(AT13-AU13)=0,AT$8<>""),3,IF(AND(AT$8<AU$8,AT13>AU13),0,IF(AND(AT$8>AU$8,AT13<AU13),0,IF(AND(AT$8>AU$8,AT13>AU13,AT$8<>""),1,IF(AND(AT$8<AU$8,AT13<AU13,AT$8<>""),1,IF(AND(AT$8="",AU$8=""),0,0))))))))) -> 0 | AW13: 2 | AX13: 0 | AY13: =IF(AND(AW$8=AW13,AX$8=AX13,AW$8<>""),5,IF(AND(AW$8>AX12,AW13>AX13,(AW$8-AX$8)=(AW13-AX13),AW$8<>""),3,IF(AND(AW$8<AX$8,AW13<AX13,(AW$8-AX$8)=(AW13-AX13),AW$8<>""),3,IF(AND((AW$8-AX$8)=0,(AW13-AX13)=0,AW$8<>""),3,IF(AND(AW$8<AX$8,AW13>AX13),0,IF(AND(AW$8>AX$8,AW13<AX13),0,IF(AND(AW$8>AX$8,AW13>AX13,AW$8<>""),1,IF(AND(AW$8<AX$8,AW13<AX13,AW$8<>""),1,IF(AND(AW$8="",AX$8=""),0,0))))))))) -> 1 | AZ13: 2 | BA13: 0 | BB13: =IF(AND(AZ$8=AZ13,BA$8=BA13,AZ$8<>""),5,IF(AND(AZ$8>BA12,AZ13>BA13,(AZ$8-BA$8)=(AZ13-BA13),AZ$8<>""),3,IF(AND(AZ$8<BA$8,AZ13<BA13,(AZ$8-BA$8)=(AZ13-BA13),AZ$8<>""),3,IF(AND((AZ$8-BA$8)=0,(AZ13-BA13)=0,AZ$8<>""),3,IF(AND(AZ$8<BA$8,AZ13>BA13),0,IF(AND(AZ$8>BA$8,AZ13<BA13),0,IF(AND(AZ$8>BA$8,AZ13>BA13,AZ$8<>""),1,IF(AND(AZ$8<BA$8,AZ13<BA13,AZ$8<>""),1,IF(AND(AZ$8="",BA$8=""),0,0))))))))) -> 0 | BC13: 0 | BD13: 1 | BE13: =IF(AND(BC$8=BC13,BD$8=BD13,BC$8<>""),5,IF(AND(BC$8>BD12,BC13>BD13,(BC$8-BD$8)=(BC13-BD13),BC$8<>""),3,IF(AND(BC$8<BD$8,BC13<BD13,(BC$8-BD$8)=(BC13-BD13),BC$8<>""),3,IF(AND((BC$8-BD$8)=0,(BC13-BD13)=0,BC$8<>""),3,IF(AND(BC$8<BD$8,BC13>BD13),0,IF(AND(BC$8>BD$8,BC13<BD13),0,IF(AND(BC$8>BD$8,BC13>BD13,BC$8<>""),1,IF(AND(BC$8<BD$8,BC13<BD13,BC$8<>""),1,IF(AND(BC$8="",BD$8=""),0,0))))))))) -> 0 | BF13: 1 | BG13: 2 | BH13: =IF(AND(BF$8=BF13,BG$8=BG13,BF$8<>""),5,IF(AND(BF$8>BG12,BF13>BG13,(BF$8-BG$8)=(BF13-BG13),BF$8<>""),3,IF(AND(BF$8<BG$8,BF13<BG13,(BF$8-BG$8)=(BF13-BG13),BF$8<>""),3,IF(AND((BF$8-BG$8)=0,(BF13-BG13)=0,BF$8<>""),3,IF(AND(BF$8<BG$8,BF13>BG13),0,IF(AND(BF$8>BG$8,BF13<BG13),0,IF(AND(BF$8>BG$8,BF13>BG13,BF$8<>""),1,IF(AND(BF$8<BG$8,BF13<BG13,BF$8<>""),1,IF(AND(BF$8="",BG$8=""),0,0))))))))) -> 1 | BI13: 3 | BJ13: 0 | BK13: =IF(AND(BI$8=BI13,BJ$8=BJ13,BI$8<>""),5,IF(AND(BI$8>BJ12,BI13>BJ13,(BI$8-BJ$8)=(BI13-BJ13),BI$8<>""),3,IF(AND(BI$8<BJ$8,BI13<BJ13,(BI$8-BJ$8)=(BI13-BJ13),BI$8<>""),3,IF(AND((BI$8-BJ$8)=0,(BI13-BJ13)=0,BI$8<>""),3,IF(AND(BI$8<BJ$8,BI13>BJ13),0,IF(AND(BI$8>BJ$8,BI13<BJ13),0,IF(AND(BI$8>BJ$8,BI13>BJ13,BI$8<>""),1,IF(AND(BI$8<BJ$8,BI13<BJ13,BI$8<>""),1,IF(AND(BI$8="",BJ$8=""),0,0))))))))) -> 0 | BL13: 2 | BM13: 1 | BN13: =IF(AND(BL$8=BL13,BM$8=BM13,BL$8<>""),5,IF(AND(BL$8>BM12,BL13>BM13,(BL$8-BM$8)=(BL13-BM13),BL$8<>""),3,IF(AND(BL$8<BM$8,BL13<BM13,(BL$8-BM$8)=(BL13-BM13),BL$8<>""),3,IF(AND((BM$8-BL$8)=0,(BL13-BM13)=0,BL$8<>""),3,IF(AND(BL$8<BM$8,BL13>BM13),0,IF(AND(BL$8>BM$8,BL13<BM13),0,IF(AND(BL$8>BM$8,BL13>BM13,BL$8<>""),1,IF(AND(BL$8<BM$8,BL13<BM13,BL$8<>""),1,IF(AND(BL$8="",BM$8=""),0,0))))))))) -> 0 | BO13: 3 | BP13: 1 | BQ13: =IF(AND(BO$8=BO13,BP$8=BP13,BO$8<>""),5,IF(AND(BO$8>BP12,BO13>BP13,(BO$8-BP$8)=(BO13-BP13),BO$8<>""),3,IF(AND(BO$8<BP$8,BO13<BP13,(BO$8-BP$8)=(BO13-BP13),BO$8<>""),3,IF(AND((BO$8-BP$8)=0,(BO13-BP13)=0,BO$8<>""),3,IF(AND(BO$8<BP$8,BO13>BP13),0,IF(AND(BO$8>BP$8,BO13<BP13),0,IF(AND(BO$8>BP$8,BO13>BP13,BO$8<>""),1,IF(AND(BO$8<BP$8,BO13<BP13,BO$8<>""),1,IF(AND(BO$8="",BP$8=""),0,0))))))))) -> 0 | BR13: 2 | BS13: 0 | BT13: =IF(AND(BR$8=BR13,BS$8=BS13,BR$8<>""),5,IF(AND(BR$8>BS12,BR13>BS13,(BR$8-BS$8)=(BR13-BS13),BR$8<>""),3,IF(AND(BR$8<BS$8,BR13<BS13,(BR$8-BS$8)=(BR13-BS13),BR$8<>""),3,IF(AND((BR$8-BS$8)=0,(BR13-BS13)=0,BR$8<>""),3,IF(AND(BR$8<BS$8,BR13>BS13),0,IF(AND(BR$8>BS$8,BR13<BS13),0,IF(AND(BR$8>BS$8,BR13>BS13,BR$8<>""),1,IF(AND(BR$8<BS$8,BR13<BS13,BR$8<>""),1,IF(AND(BR$8="",BS$8=""),0,0))))))))) -> 0 | BU13: 2 | BV13: 0 | BW13: =IF(AND(BU$8=BU13,BV$8=BV13,BU$8<>""),5,IF(AND(BU$8>BV12,BU13>BV13,(BU$8-BV$8)=(BU13-BV13),BU$8<>""),3,IF(AND(BU$8<BV$8,BU13<BV13,(BU$8-BV$8)=(BU13-BV13),BU$8<>""),3,IF(AND((BU$8-BV$8)=0,(BU13-BV13)=0,BU$8<>""),3,IF(AND(BU$8<BV$8,BU13>BV13),0,IF(AND(BU$8>BV$8,BU13<BV13),0,IF(AND(BU$8>BV$8,BU13>BV13,BU$8<>""),1,IF(AND(BU$8<BV$8,BU13<BV13,BU$8<>""),1,IF(AND(BU$8="",BV$8=""),0,0))))))))) -> 0 | BX13: 0 | BY13: 1 | BZ13: =IF(AND(BX$8=BX13,BY$8=BY13,BX$8<>""),5,IF(AND(BX$8>BY12,BX13>BY13,(BX$8-BY$8)=(BX13-BY13),BX$8<>""),3,IF(AND(BX$8<BY$8,BX13<BY13,(BX$8-BY$8)=(BX13-BY13),BX$8<>""),3,IF(AND((BX$8-BY$8)=0,(BX13-BY13)=0,BX$8<>""),3,IF(AND(BX$8<BY$8,BX13>BY13),0,IF(AND(BX$8>BY$8,BX13<BY13),0,IF(AND(BX$8>BY$8,BX13>BY13,BX$8<>""),1,IF(AND(BX$8<BY$8,BX13<BY13,BX$8<>""),1,IF(AND(BX$8="",BY$8=""),0,0))))))))) -> 0 | CA13: 3 | CB13: 2 | CC13: =IF(AND(CA$8=CA13,CB$8=CB13,CA$8<>""),5,IF(AND(CA$8>CB12,CA13>CB13,(CA$8-CB$8)=(CA13-CB13),CA$8<>""),3,IF(AND(CA$8<CB$8,CA13<CB13,(CA$8-CB$8)=(CA13-CB13),CA$8<>""),3,IF(AND((CA$8-CB$8)=0,(CA13-CB13)=0,CA$8<>""),3,IF(AND(CA$8<CB$8,CA13>CB13),0,IF(AND(CA$8>CB$8,CA13<CB13),0,IF(AND(CA$8>CB$8,CA13>CB13,CA$8<>""),1,IF(AND(CA$8<CB$8,CA13<CB13,CA$8<>""),1,IF(AND(CA$8="",CB$8=""),0,0))))))))) -> 0 | CD13: 2 | CE13: 0 | CF13: =IF(AND(CD$8=CD13,CE$8=CE13,CD$8<>""),5,IF(AND(CD$8>CE12,CD13>CE13,(CD$8-CE$8)=(CD13-CE13),CD$8<>""),3,IF(AND(CD$8<CE$8,CD13<CE13,(CD$8-CE$8)=(CD13-CE13),CD$8<>""),3,IF(AND((CD$8-CE$8)=0,(CD13-CE13)=0,CD$8<>""),3,IF(AND(CD$8<CE$8,CD13>CE13),0,IF(AND(CD$8>CE$8,CD13<CE13),0,IF(AND(CD$8>CE$8,CD13>CE13,CD$8<>""),1,IF(AND(CD$8<CE$8,CD13<CE13,CD$8<>""),1,IF(AND(CD$8="",CE$8=""),0,0))))))))) -> 0 | CG13: 3 | CH13: 0 | CI13: =IF(AND(CG$8=CG13,CH$8=CH13,CG$8<>""),5,IF(AND(CG$8>CH12,CG13>CH13,(CG$8-CH$8)=(CG13-CH13),CG$8<>""),3,IF(AND(CG$8<CH$8,CG13<CH13,(CG$8-CH$8)=(CG13-CH13),CG$8<>""),3,IF(AND((CG$8-CH$8)=0,(CG13-CH13)=0,CG$8<>""),3,IF(AND(CG$8<CH$8,CG13>CH13),0,IF(AND(CG$8>CH$8,CG13<CH13),0,IF(AND(CG$8>CH$8,CG13>CH13,CG$8<>""),1,IF(AND(CG$8<CH$8,CG13<CH13,CG$8<>""),1,IF(AND(CG$8="",CH$8=""),0,0))))))))) -> 0 | CJ13: 2 | CK13: 1 | CL13: =IF(AND(CJ$8=CJ13,CK$8=CK13,CJ$8<>""),5,IF(AND(CJ$8>CK12,CJ13>CK13,(CJ$8-CK$8)=(CJ13-CK13),CJ$8<>""),3,IF(AND(CJ$8<CK$8,CJ13<CK13,(CJ$8-CK$8)=(CJ13-CK13),CJ$8<>""),3,IF(AND((CJ$8-CK$8)=0,(CJ13-CK13)=0,CJ$8<>""),3,IF(AND(CJ$8<CK$8,CJ13>CK13),0,IF(AND(CJ$8>CK$8,CJ13<CK13),0,IF(AND(CJ$8>CK$8,CJ13>CK13,CJ$8<>""),1,IF(AND(CJ$8<CK$8,CJ13<CK13,CJ$8<>""),1,IF(AND(CJ$8="",CK$8=""),0,0))))))))) -> 0 | CM13: 3 | CN13: 2 | CO13: =IF(AND(CM$8=CM13,CN$8=CN13,CM$8<>""),5,IF(AND(CM$8>CN12,CM13>CN13,(CM$8-CN$8)=(CM13-CN13),CM$8<>""),3,IF(AND(CM$8<CN$8,CM13<CN13,(CM$8-CN$8)=(CM13-CN13),CM$8<>""),3,IF(AND((CM$8-CN$8)=0,(CM13-CN13)=0,CM$8<>""),3,IF(AND(CM$8<CN$8,CM13>CN13),0,IF(AND(CM$8>CN$8,CM13<CN13),0,IF(AND(CM$8>CN$8,CM13>CN13,CM$8<>""),1,IF(AND(CM$8<CN$8,CM13<CN13,CM$8<>""),1,IF(AND(CM$8="",CN$8=""),0,0))))))))) -> 0 | CP13: 1 | CQ13: 2 | CR13: =IF(AND(CP$8=CP13,CQ$8=CQ13,CP$8<>""),5,IF(AND(CP$8>CQ12,CP13>CQ13,(CP$8-CQ$8)=(CP13-CQ13),CP$8<>""),3,IF(AND(CP$8<CQ$8,CP13<CQ13,(CP$8-CQ$8)=(CP13-CQ13),CP$8<>""),3,IF(AND((CP$8-CQ$8)=0,(CP13-CQ13)=0,CP$8<>""),3,IF(AND(CP$8<CQ$8,CP13>CQ13),0,IF(AND(CP$8>CQ$8,CP13<CQ13),0,IF(AND(CP$8>CQ$8,CP13>CQ13,CP$8<>""),1,IF(AND(CP$8<CQ$8,CP13<CQ13,CP$8<>""),1,IF(AND(CP$8="",CQ$8=""),0,0))))))))) -> 0 | CS13: 2 | CT13: 3 | CU13: =IF(AND(CS$8=CS13,CT$8=CT13,CS$8<>""),5,IF(AND(CS$8>CT12,CS13>CT13,(CS$8-CT$8)=(CS13-CT13),CS$8<>""),3,IF(AND(CS$8<CT$8,CS13<CT13,(CS$8-CT$8)=(CS13-CT13),CS$8<>""),3,IF(AND((CS$8-CT$8)=0,(CS13-CT13)=0,CS$8<>""),3,IF(AND(CS$8<CT$8,CS13>CT13),0,IF(AND(CS$8>CT$8,CS13<CT13),0,IF(AND(CS$8>CT$8,CS13>CT13,CS$8<>""),1,IF(AND(CS$8<CT$8,CS13<CT13,CS$8<>""),1,IF(AND(CS$8="",CT$8=""),0,0))))))))) -> 0 | CV13: 2 | CW13: 1 | CX13: =IF(AND(CV$8=CV13,CW$8=CW13,CV$8<>""),5,IF(AND(CV$8>CW12,CV13>CW13,(CV$8-CW$8)=(CV13-CW13),CV$8<>""),3,IF(AND(CV$8<CW$8,CV13<CW13,(CV$8-CW$8)=(CV13-CW13),CV$8<>""),3,IF(AND((CV$8-CW$8)=0,(CV13-CW13)=0,CV$8<>""),3,IF(AND(CV$8<CW$8,CV13>CW13),0,IF(AND(CV$8>CW$8,CV13<CW13),0,IF(AND(CV$8>CW$8,CV13>CW13,CV$8<>""),1,IF(AND(CV$8<CW$8,CV13<CW13,CV$8<>""),1,IF(AND(CV$8="",CW$8=""),0,0))))))))) -> 0 | CY13: 0 | CZ13: 1 | DA13: =IF(AND(CY$8=CY13,CZ$8=CZ13,CY$8<>""),5,IF(AND(CY$8>CZ12,CY13>CZ13,(CY$8-CZ$8)=(CY13-CZ13),CY$8<>""),3,IF(AND(CY$8<CZ$8,CY13<CZ13,(CY$8-CZ$8)=(CY13-CZ13),CY$8<>""),3,IF(AND((CY$8-CZ$8)=0,(CY13-CZ13)=0,CY$8<>""),3,IF(AND(CY$8<CZ$8,CY13>CZ13),0,IF(AND(CY$8>CZ$8,CY13<CZ13),0,IF(AND(CY$8>CZ$8,CY13>CZ13,CY$8<>""),1,IF(AND(CY$8<CZ$8,CY13<CZ13,CY$8<>""),1,IF(AND(CY$8="",CZ$8=""),0,0))))))))) -> 0 | DB13: 0 | DC13: 2 | DD13: =IF(AND(DB$8=DB13,DC$8=DC13,DB$8<>""),5,IF(AND(DB$8>DC12,DB13>DC13,(DB$8-DC$8)=(DB13-DC13),DB$8<>""),3,IF(AND(DB$8<DC$8,DB13<DC13,(DB$8-DC$8)=(DB13-DC13),DB$8<>""),3,IF(AND((DB$8-DC$8)=0,(DB13-DC13)=0,DB$8<>""),3,IF(AND(DB$8<DC$8,DB13>DC13),0,IF(AND(DB$8>DC$8,DB13<DC13),0,IF(AND(DB$8>DC$8,DB13>DC13,DB$8<>""),1,IF(AND(DB$8<DC$8,DB13<DC13,DB$8<>""),1,IF(AND(DB$8="",DC$8=""),0,0))))))))) -> 0 | DE13: 1 | DF13: 0 | DG13: =IF(AND(DE$8=DE13,DF$8=DF13,DE$8<>""),5,IF(AND(DE$8>DF12,DE13>DF13,(DE$8-DF$8)=(DE13-DF13),DE$8<>""),3,IF(AND(DE$8<DF$8,DE13<DF13,(DE$8-DF$8)=(DE13-DF13),DE$8<>""),3,IF(AND((DE$8-DF$8)=0,(DE13-DF13)=0,DE$8<>""),3,IF(AND(DE$8<DF$8,DE13>DF13),0,IF(AND(DE$8>DF$8,DE13<DF13),0,IF(AND(DE$8>DF$8,DE13>DF13,DE$8<>""),1,IF(AND(DE$8<DF$8,DE13<DF13,DE$8<>""),1,IF(AND(DE$8="",DF$8=""),0,0))))))))) -> 0 | DH13: 0 | DI13: 1 | DJ13: =IF(AND(DH$8=DH13,DI$8=DI13,DH$8<>""),5,IF(AND(DH$8>DI12,DH13>DI13,(DH$8-DI$8)=(DH13-DI13),DH$8<>""),3,IF(AND(DH$8<DI$8,DH13<DI13,(DH$8-DI$8)=(DH13-DI13),DH$8<>""),3,IF(AND((DH$8-DI$8)=0,(DH13-DI13)=0,DH$8<>""),3,IF(AND(DH$8<DI$8,DH13>DI13),0,IF(AND(DH$8>DI$8,DH13<DI13),0,IF(AND(DH$8>DI$8,DH13>DI13,DH$8<>""),1,IF(AND(DH$8<DI$8,DH13<DI13,DH$8<>""),1,IF(AND(DH$8="",DI$8=""),0,0))))))))) -> 0 | DK13: 0 | DL13: 2 | DM13: =IF(AND(DK$8=DK13,DL$8=DL13,DK$8<>""),5,IF(AND(DK$8>DL12,DK13>DL13,(DK$8-DL$8)=(DK13-DL13),DK$8<>""),3,IF(AND(DK$8<DL$8,DK13<DL13,(DK$8-DL$8)=(DK13-DL13),DK$8<>""),3,IF(AND((DK$8-DL$8)=0,(DK13-DL13)=0,DK$8<>""),3,IF(AND(DK$8<DL$8,DK13>DL13),0,IF(AND(DK$8>DL$8,DK13<DL13),0,IF(AND(DK$8>DL$8,DK13>DL13,DK$8<>""),1,IF(AND(DK$8<DL$8,DK13<DL13,DK$8<>""),1,IF(AND(DK$8="",DL$8=""),0,0))))))))) -> 0 | DN13: 1 | DO13: 3 | DP13: =IF(AND(DN$8=DN13,DO$8=DO13,DN$8<>""),5,IF(AND(DN$8>DO12,DN13>DO13,(DN$8-DO$8)=(DN13-DO13),DN$8<>""),3,IF(AND(DN$8<DO$8,DN13<DO13,(DN$8-DO$8)=(DN13-DO13),DN$8<>""),3,IF(AND((DN$8-DO$8)=0,(DN13-DO13)=0,DN$8<>""),3,IF(AND(DN$8<DO$8,DN13>DO13),0,IF(AND(DN$8>DO$8,DN13<DO13),0,IF(AND(DN$8>DO$8,DN13>DO13,DN$8<>""),1,IF(AND(DN$8<DO$8,DN13<DO13,DN$8<>""),1,IF(AND(DN$8="",DO$8=""),0,0))))))))) -> 0 | DQ13: 2 | DR13: 2 | DS13: =IF(AND(DQ$8=DQ13,DR$8=DR13,DQ$8<>""),5,IF(AND(DQ$8>DR12,DQ13>DR13,(DQ$8-DR$8)=(DQ13-DR13),DQ$8<>""),3,IF(AND(DQ$8<DR$8,DQ13<DR13,(DQ$8-DR$8)=(DQ13-DR13),DQ$8<>""),3,IF(AND((DQ$8-DR$8)=0,(DQ13-DR13)=0,DQ$8<>""),3,IF(AND(DQ$8<DR$8,DQ13>DR13),0,IF(AND(DQ$8>DR$8,DQ13<DR13),0,IF(AND(DQ$8>DR$8,DQ13>DR13,DQ$8<>""),1,IF(AND(DQ$8<DR$8,DQ13<DR13,DQ$8<>""),1,IF(AND(DQ$8="",DR$8=""),0,0))))))))) -> 0 | DT13: 0 | DU13: 3 | DV13: =IF(AND(DT$8=DT13,DU$8=DU13,DT$8<>""),5,IF(AND(DT$8>DU12,DT13>DU13,(DT$8-DU$8)=(DT13-DU13),DT$8<>""),3,IF(AND(DT$8<DU$8,DT13<DU13,(DT$8-DU$8)=(DT13-DU13),DT$8<>""),3,IF(AND((DT$8-DU$8)=0,(DT13-DU13)=0,DT$8<>""),3,IF(AND(DT$8<DU$8,DT13>DU13),0,IF(AND(DT$8>DU$8,DT13<DU13),0,IF(AND(DT$8>DU$8,DT13>DU13,DT$8<>""),1,IF(AND(DT$8<DU$8,DT13<DU13,DT$8<>""),1,IF(AND(DT$8="",DU$8=""),0,0))))))))) -> 0 | DW13: 0 | DX13: 2 | DY13: =IF(AND(DW$8=DW13,DX$8=DX13,DW$8<>""),5,IF(AND(DW$8>DX12,DW13>DX13,(DW$8-DX$8)=(DW13-DX13),DW$8<>""),3,IF(AND(DW$8<DX$8,DW13<DX13,(DW$8-DX$8)=(DW13-DX13),DW$8<>""),3,IF(AND((DW$8-DX$8)=0,(DW13-DX13)=0,DW$8<>""),3,IF(AND(DW$8<DX$8,DW13>DX13),0,IF(AND(DW$8>DX$8,DW13<DX13),0,IF(AND(DW$8>DX$8,DW13>DX13,DW$8<>""),1,IF(AND(DW$8<DX$8,DW13<DX13,DW$8<>""),1,IF(AND(DW$8="",DX$8=""),0,0))))))))) -> 0 | DZ13: 3 | EA13: 2 | EB13: =IF(AND(DZ$8=DZ13,EA$8=EA13,DZ$8<>""),5,IF(AND(DZ$8>EA12,DZ13>EA13,(DZ$8-EA$8)=(DZ13-EA13),DZ$8<>""),3,IF(AND(DZ$8<EA$8,DZ13<EA13,(DZ$8-EA$8)=(DZ13-EA13),DZ$8<>""),3,IF(AND((DZ$8-EA$8)=0,(DZ13-EA13)=0,DZ$8<>""),3,IF(AND(DZ$8<EA$8,DZ13>EA13),0,IF(AND(DZ$8>EA$8,DZ13<EA13),0,IF(AND(DZ$8>EA$8,DZ13>EA13,DZ$8<>""),1,IF(AND(DZ$8<EA$8,DZ13<EA13,DZ$8<>""),1,IF(AND(DZ$8="",EA$8=""),0,0))))))))) -> 0 | EC13: 1 | ED13: 0 | EE13: =IF(AND(EC$8=EC13,ED$8=ED13,EC$8<>""),5,IF(AND(EC$8>ED12,EC13>ED13,(EC$8-ED$8)=(EC13-ED13),EC$8<>""),3,IF(AND(EC$8<ED$8,EC13<ED13,(EC$8-ED$8)=(EC13-ED13),EC$8<>""),3,IF(AND((EC$8-ED$8)=0,(EC13-ED13)=0,EC$8<>""),3,IF(AND(EC$8<ED$8,EC13>ED13),0,IF(AND(EC$8>ED$8,EC13<ED13),0,IF(AND(EC$8>ED$8,EC13>ED13,EC$8<>""),1,IF(AND(EC$8<ED$8,EC13<ED13,EC$8<>""),1,IF(AND(EC$8="",ED$8=""),0,0))))))))) -> 0 | EF13: 0 | EG13: 1 | EH13: =IF(AND(EF$8=EF13,EG$8=EG13,EF$8<>""),5,IF(AND(EF$8>EG12,EF13>EG13,(EF$8-EG$8)=(EF13-EG13),EF$8<>""),3,IF(AND(EF$8<EG$8,EF13<EG13,(EF$8-EG$8)=(EF13-EG13),EF$8<>""),3,IF(AND((EF$8-EG$8)=0,(EF13-EG13)=0,EF$8<>""),3,IF(AND(EF$8<EG$8,EF13>EG13),0,IF(AND(EF$8>EG$8,EF13<EG13),0,IF(AND(EF$8>EG$8,EF13>EG13,EF$8<>""),1,IF(AND(EF$8<EG$8,EF13<EG13,EF$8<>""),1,IF(AND(EF$8="",EG$8=""),0,0))))))))) -> 0 | EI13: 1 | EJ13: 2 | EK13: =IF(AND(EI$8=EI13,EJ$8=EJ13,EI$8<>""),5,IF(AND(EI$8>EJ12,EI13>EJ13,(EI$8-EJ$8)=(EI13-EJ13),EI$8<>""),3,IF(AND(EI$8<EJ$8,EI13<EJ13,(EI$8-EJ$8)=(EI13-EJ13),EI$8<>""),3,IF(AND((EI$8-EJ$8)=0,(EI13-EJ13)=0,EI$8<>""),3,IF(AND(EI$8<EJ$8,EI13>EJ13),0,IF(AND(EI$8>EJ$8,EI13<EJ13),0,IF(AND(EI$8>EJ$8,EI13>EJ13,EI$8<>""),1,IF(AND(EI$8<EJ$8,EI13<EJ13,EI$8<>""),1,IF(AND(EI$8="",EJ$8=""),0,0))))))))) -> 0 | EL13: 0 | EM13: 3 | EN13: =IF(AND(EL$8=EL13,EM$8=EM13,EL$8<>""),5,IF(AND(EL$8>EM12,EL13>EM13,(EL$8-EM$8)=(EL13-EM13),EL$8<>""),3,IF(AND(EL$8<EM$8,EL13<EM13,(EL$8-EM$8)=(EL13-EM13),EL$8<>""),3,IF(AND((EL$8-EM$8)=0,(EL13-EM13)=0,EL$8<>""),3,IF(AND(EL$8<EM$8,EL13>EM13),0,IF(AND(EL$8>EM$8,EL13<EM13),0,IF(AND(EL$8>EM$8,EL13>EM13,EL$8<>""),1,IF(AND(EL$8<EM$8,EL13<EM13,EL$8<>""),1,IF(AND(EL$8="",EM$8=""),0,0))))))))) -> 0 | EO13: 0 | EP13: 1 | EQ13: =IF(AND(EO$8=EO13,EP$8=EP13,EO$8<>""),5,IF(AND(EO$8>EP12,EO13>EP13,(EO$8-EP$8)=(EO13-EP13),EO$8<>""),3,IF(AND(EO$8<EP$8,EO13<EP13,(EO$8-EP$8)=(EO13-EP13),EO$8<>""),3,IF(AND((EO$8-EP$8)=0,(EO13-EP13)=0,EO$8<>""),3,IF(AND(EO$8<EP$8,EO13>EP13),0,IF(AND(EO$8>EP$8,EO13<EP13),0,IF(AND(EO$8>EP$8,EO13>EP13,EO$8<>""),1,IF(AND(EO$8<EP$8,EO13<EP13,EO$8<>""),1,IF(AND(EO$8="",EP$8=""),0,0))))))))) -> 0 | ER13: =F13+I13+L13+O13+R13+U13+X13+AA13+AD13+AG13+AJ13+AM13+AP13+AS13+AV13+AY13+BB13+BE13+BH13+BK13+BN13+BQ13+BT13+BW13+BZ13+CC13+CF13+CI13+CL13+CO13+CR13+CU13+CX13+DA13+DD13+DG13+DJ13+DM13+DP13+DS13+DV13+DY13+EB13+EE13+EH13+EK13+EN13+EQ13 -> 24
A14: 6 | B14: DIEGO SALAZAR | C14: =ER14 -> 23 | D14: 0 | E14: 1 | F14: =IF(AND(D$8=D14,E$8=E14,D$8<>""),5,IF(AND(D$8>E$8,D14>E14,(D$8-E$8)=(D14-E14),D$8<>""),3,IF(AND(D$8<E$8,D14<E14,(E$8-D$8)=(E14-D14),D$8<>""),3,IF(AND((D$8-E$8)=0,(D14-E14)=0,D$8<>""),3,IF(AND(D$8<E$8,D14>E14),0,IF(AND(D$8>E$8,D14<E14),0,IF(AND(D$8>E$8,D14>E14,D$8<>""),1,IF(AND(D$8<E$8,D14<E14,D$8<>""),1,IF(AND(D$8="",E$8=""),0,0))))))))) -> 1 | G14: 2 | H14: 4 | I14: =IF(AND(G$8=G14,H$8=H14,G$8<>""),5,IF(AND(G$8>H$8,G14>H14,(G$8-H$8)=(G14-H14),G$8<>""),3,IF(AND(G$8<H$8,G14<H14,(H$8-G$8)=(H14-G14),G$8<>""),3,IF(AND((G$8-H$8)=0,(G14-H14)=0,G$8<>""),3,IF(AND(G$8<H$8,G14>H14),0,IF(AND(G$8>H$8,G14<H14),0,IF(AND(G$8>H$8,G14>H14,G$8<>""),1,IF(AND(G$8<H$8,G14<H14,G$8<>""),1,IF(AND(G$8="",H$8=""),0,0))))))))) -> 3 | J14: 5 | K14: 0 | L14: =IF(AND(J$8=J14,K$8=K14,J$8<>""),5,IF(AND(J$8>K$8,J14>K14,(J$8-K$8)=(J14-K14),J$8<>""),3,IF(AND(J$8<K$8,J14<K14,(K$8-J$8)=(K14-J14),J$8<>""),3,IF(AND((J$8-K$8)=0,(J14-K14)=0,J$8<>""),3,IF(AND(J$8<K$8,J14>K14),0,IF(AND(J$8>K$8,J14<K14),0,IF(AND(J$8>K$8,J14>K14,J$8<>""),1,IF(AND(J$8<K$8,J14<K14,J$8<>""),1,IF(AND(J$8="",K$8=""),0,0))))))))) -> 1 | M14: 1 | N14: 1 | O14: =IF(AND(M$8=M14,N$8=N14,M$8<>""),5,IF(AND(M$8>N$8,M14>N14,(M$8-N$8)=(M14-N14),M$8<>""),3,IF(AND(M$8<N$8,M14<N14,(N$8-M$8)=(N14-M14),M$8<>""),3,IF(AND((M$8-N$8)=0,(M14-N14)=0,M$8<>""),3,IF(AND(M$8<N$8,M14>N14),0,IF(AND(M$8>N$8,M14<N14),0,IF(AND(M$8>N$8,M14>N14,M$8<>""),1,IF(AND(M$8<N$8,M14<N14,M$8<>""),1,IF(AND(M$8="",N$8=""),0,0))))))))) -> 5 | P14: 5 | Q14: 0 | R14: =IF(AND(P$8=P14,Q$8=Q14,P$8<>""),5,IF(AND(P$8>Q$8,P14>Q14,(P$8-Q$8)=(P14-Q14),P$8<>""),3,IF(AND(P$8<Q$8,P14<Q14,(Q$8-P$8)=(Q14-P14),P$8<>""),3,IF(AND((P$8-Q$8)=0,(P14-Q14)=0,P$8<>""),3,IF(AND(P$8<Q$8,P14>Q14),0,IF(AND(P$8>Q$8,P14<Q14),0,IF(AND(P$8>Q$8,P14>Q14,P$8<>""),1,IF(AND(P$8<Q$8,P14<Q14,P$8<>""),1,IF(AND(P$8="",Q$8=""),0,0))))))))) -> 0 | S14: 0 | T14: 1 | U14: =IF(AND(S$8=S14,T$8=T14,S$8<>""),5,IF(AND(S$8>T$8,S14>T14,(S$8-T$8)=(S14-T14),S$8<>""),3,IF(AND(S$8<T$8,S14<T14,(T$8-S$8)=(T14-S14),S$8<>""),3,IF(AND((S$8-T$8)=0,(S14-T14)=0,S$8<>""),3,IF(AND(S$8<T$8,S14>T14),0,IF(AND(S$8>T$8,S14<T14),0,IF(AND(S$8>T$8,S14>T14,S$8<>""),1,IF(AND(S$8<T$8,S14<T14,S$8<>""),1,IF(AND(S$8="",T$8=""),0,0))))))))) -> 0 | V14: 2 | W14: 2 | X14: =IF(AND(V$8=V14,W$8=W14,V$8<>""),5,IF(AND(V$8>W$8,V14>W14,(V$8-W$8)=(V14-W14),V$8<>""),3,IF(AND(V$8<W$8,V14<W14,(W$8-V$8)=(W14-V14),V$8<>""),3,IF(AND((V$8-W$8)=0,(V14-W14)=0,V$8<>""),3,IF(AND(V$8<W$8,V14>W14),0,IF(AND(V$8>W$8,V14<W14),0,IF(AND(V$8>W$8,V14>W14,V$8<>""),1,IF(AND(V$8<W$8,V14<W14,V$8<>""),1,IF(AND(V$8="",W$8=""),0,0))))))))) -> 3 | Y14: 4 | Z14: 1 | AA14: =IF(AND(Y$8=Y14,Z$8=Z14,Y$8<>""),5,IF(AND(Y$8>Z$8,Y14>Z14,(Y$8-Z$8)=(Y14-Z14),Y$8<>""),3,IF(AND(Y$8<Z$8,Y14<Z14,(Z$8-Y$8)=(Z14-Y14),Y$8<>""),3,IF(AND((Y$8-Z$8)=0,(Y14-Z14)=0,Y$8<>""),3,IF(AND(Y$8<Z$8,Y14>Z14),0,IF(AND(Y$8>Z$8,Y14<Z14),0,IF(AND(Y$8>Z$8,Y14>Z14,Y$8<>""),1,IF(AND(Y$8<Z$8,Y14<Z14,Y$8<>""),1,IF(AND(Y$8="",Z$8=""),0,0))))))))) -> 5 | AB14: 2 | AC14: 0 | AD14: =IF(AND(AB$8=AB14,AC$8=AC14,AB$8<>""),5,IF(AND(AB$8>AC$8,AB14>AC14,(AB$8-AC$8)=(AB14-AC14),AB$8<>""),3,IF(AND(AB$8<AC$8,AB14<AC14,(AC$8-AB$8)=(AC14-AB14),AB$8<>""),3,IF(AND((AB$8-AC$8)=0,(AB14-AC14)=0,AB$8<>""),3,IF(AND(AB$8<AC$8,AB14>AC14),0,IF(AND(AB$8>AC$8,AB14<AC14),0,IF(AND(AB$8>AC$8,AB14>AC14,AB$8<>""),1,IF(AND(AB$8<AC$8,AB14<AC14,AB$8<>""),1,IF(AND(AB$8="",AC$8=""),0,0))))))))) -> 0 | AE14: 3 | AF14: 1 | AG14: =IF(AND(AE$8=AE14,AF$8=AF14,AE$8<>""),5,IF(AND(AE$8>AF$8,AE14>AF14,(AE$8-AF$8)=(AE14-AF14),AE$8<>""),3,IF(AND(AE$8<AF$8,AE14<AF14,(AE$8-AF$8)=(AE14-AF14),AE$8<>""),3,IF(AND((AE$8-AF$8)=0,(AE14-AF14)=0,AE$8<>""),3,IF(AND(AE$8<AF$8,AE14>AF14),0,IF(AND(AE$8>AF$8,AE14<AF14),0,IF(AND(AE$8>AF$8,AE14>AF14,AE$8<>""),1,IF(AND(AE$8<AF$8,AE14<AF14,AE$8<>""),1,IF(AND(AE$8="",AF$8=""),0,0))))))))) -> 1 | AH14: 0 | AI14: 1 | AJ14: =IF(AND(AH$8=AH14,AI$8=AI14,AH$8<>""),5,IF(AND(AH$8>AI$8,AH14>AI14,(AH$8-AI$8)=(AH14-AI14),AH$8<>""),3,IF(AND(AH$8<AI$8,AH14<AI14,(AH$8-AI$8)=(AH14-AI14),AH$8<>""),3,IF(AND((AH$8-AI$8)=0,(AH14-AI14)=0,AH$8<>""),3,IF(AND(AH$8<AI$8,AH14>AI14),0,IF(AND(AH$8>AI$8,AH14<AI14),0,IF(AND(AH$8>AI$8,AH14>AI14,AH$8<>""),1,IF(AND(AH$8<AI$8,AH14<AI14,AH$8<>""),1,IF(AND(AH$8="",AI$8=""),0,0))))))))) -> 0 | AK14: 2 | AL14: 0 | AM14: =IF(AND(AK$8=AK14,AL$8=AL14,AK$8<>""),5,IF(AND(AK$8>AL$8,AK14>AL14,(AK$8-AL$8)=(AK14-AL14),AK$8<>""),3,IF(AND(AK$8<AL$8,AK14<AL14,(AK$8-AL$8)=(AK14-AL14),AK$8<>""),3,IF(AND((AK$8-AL$8)=0,(AK14-AL14)=0,AK$8<>""),3,IF(AND(AK$8<AL$8,AK14>AL14),0,IF(AND(AK$8>AL$8,AK14<AL14),0,IF(AND(AK$8>AL$8,AK14>AL14,AK$8<>""),1,IF(AND(AK$8<AL$8,AK14<AL14,AK$8<>""),1,IF(AND(AK$8="",AL$8=""),0,0))))))))) -> 1 | AN14: 2 | AO14: 2 | AP14: =IF(AND(AN$8=AN14,AO$8=AO14,AN$8<>""),5,IF(AND(AN$8>AO$8,AN14>AO14,(AN$8-AO$8)=(AN14-AO14),AN$8<>""),3,IF(AND(AN$8<AO$8,AN14<AO14,(AN$8-AO$8)=(AN14-AO14),AN$8<>""),3,IF(AND((AN$8-AO$8)=0,(AN14-AO14)=0,AN$8<>""),3,IF(AND(AN$8<AO$8,AN14>AO14),0,IF(AND(AN$8>AO$8,AN14<AO14),0,IF(AND(AN$8>AO$8,AN14>AO14,AN$8<>""),1,IF(AND(AN$8<AO$8,AN14<AO14,AN$8<>""),1,IF(AND(AN$8="",AO$8=""),0,0))))))))) -> 0 | AQ14: 4 | AR14: 0 | AS14: =IF(AND(AQ$8=AQ14,AR$8=AR14,AQ$8<>""),5,IF(AND(AQ$8>AR13,AQ14>AR14,(AQ$8-AR$8)=(AQ14-AR14),AQ$8<>""),3,IF(AND(AQ$8<AR$8,AQ14<AR14,(AQ$8-AR$8)=(AQ14-AR14),AQ$8<>""),3,IF(AND((AQ$8-AR$8)=0,(AQ14-AR14)=0,AQ$8<>""),3,IF(AND(AQ$8<AR$8,AQ14>AR14),0,IF(AND(AQ$8>AR$8,AQ14<AR14),0,IF(AND(AQ$8>AR$8,AQ14>AR14,AQ$8<>""),1,IF(AND(AQ$8<AR$8,AQ14<AR14,AQ$8<>""),1,IF(AND(AQ$8="",AR$8=""),0,0))))))))) -> 1 | AT14: 3 | AU14: 0 | AV14: =IF(AND(AT$8=AT14,AU$8=AU14,AT$8<>""),5,IF(AND(AT$8>AU13,AT14>AU14,(AT$8-AU$8)=(AT14-AU14),AT$8<>""),3,IF(AND(AT$8<AU$8,AT14<AU14,(AT$8-AU$8)=(AT14-AU14),AT$8<>""),3,IF(AND((AT$8-AU$8)=0,(AT14-AU14)=0,AT$8<>""),3,IF(AND(AT$8<AU$8,AT14>AU14),0,IF(AND(AT$8>AU$8,AT14<AU14),0,IF(AND(AT$8>AU$8,AT14>AU14,AT$8<>""),1,IF(AND(AT$8<AU$8,AT14<AU14,AT$8<>""),1,IF(AND(AT$8="",AU$8=""),0,0))))))))) -> 0 | AW14: 2 | AX14: 0 | AY14: =IF(AND(AW$8=AW14,AX$8=AX14,AW$8<>""),5,IF(AND(AW$8>AX13,AW14>AX14,(AW$8-AX$8)=(AW14-AX14),AW$8<>""),3,IF(AND(AW$8<AX$8,AW14<AX14,(AW$8-AX$8)=(AW14-AX14),AW$8<>""),3,IF(AND((AW$8-AX$8)=0,(AW14-AX14)=0,AW$8<>""),3,IF(AND(AW$8<AX$8,AW14>AX14),0,IF(AND(AW$8>AX$8,AW14<AX14),0,IF(AND(AW$8>AX$8,AW14>AX14,AW$8<>""),1,IF(AND(AW$8<AX$8,AW14<AX14,AW$8<>""),1,IF(AND(AW$8="",AX$8=""),0,0))))))))) -> 1 | AZ14: 2 | BA14: 4 | BB14: =IF(AND(AZ$8=AZ14,BA$8=BA14,AZ$8<>""),5,IF(AND(AZ$8>BA13,AZ14>BA14,(AZ$8-BA$8)=(AZ14-BA14),AZ$8<>""),3,IF(AND(AZ$8<BA$8,AZ14<BA14,(AZ$8-BA$8)=(AZ14-BA14),AZ$8<>""),3,IF(AND((AZ$8-BA$8)=0,(AZ14-BA14)=0,AZ$8<>""),3,IF(AND(AZ$8<BA$8,AZ14>BA14),0,IF(AND(AZ$8>BA$8,AZ14<BA14),0,IF(AND(AZ$8>BA$8,AZ14>BA14,AZ$8<>""),1,IF(AND(AZ$8<BA$8,AZ14<BA14,AZ$8<>""),1,IF(AND(AZ$8="",BA$8=""),0,0))))))))) -> 1 | BC14: 1 | BD14: 0 | BE14: =IF(AND(BC$8=BC14,BD$8=BD14,BC$8<>""),5,IF(AND(BC$8>BD13,BC14>BD14,(BC$8-BD$8)=(BC14-BD14),BC$8<>""),3,IF(AND(BC$8<BD$8,BC14<BD14,(BC$8-BD$8)=(BC14-BD14),BC$8<>""),3,IF(AND((BC$8-BD$8)=0,(BC14-BD14)=0,BC$8<>""),3,IF(AND(BC$8<BD$8,BC14>BD14),0,IF(AND(BC$8>BD$8,BC14<BD14),0,IF(AND(BC$8>BD$8,BC14>BD14,BC$8<>""),1,IF(AND(BC$8<BD$8,BC14<BD14,BC$8<>""),1,IF(AND(BC$8="",BD$8=""),0,0))))))))) -> 0 | BF14: 2 | BG14: 1 | BH14: =IF(AND(BF$8=BF14,BG$8=BG14,BF$8<>""),5,IF(AND(BF$8>BG13,BF14>BG14,(BF$8-BG$8)=(BF14-BG14),BF$8<>""),3,IF(AND(BF$8<BG$8,BF14<BG14,(BF$8-BG$8)=(BF14-BG14),BF$8<>""),3,IF(AND((BF$8-BG$8)=0,(BF14-BG14)=0,BF$8<>""),3,IF(AND(BF$8<BG$8,BF14>BG14),0,IF(AND(BF$8>BG$8,BF14<BG14),0,IF(AND(BF$8>BG$8,BF14>BG14,BF$8<>""),1,IF(AND(BF$8<BG$8,BF14<BG14,BF$8<>""),1,IF(AND(BF$8="",BG$8=""),0,0))))))))) -> 0 | BI14: 3 | BJ14: 2 | BK14: =IF(AND(BI$8=BI14,BJ$8=BJ14,BI$8<>""),5,IF(AND(BI$8>BJ13,BI14>BJ14,(BI$8-BJ$8)=(BI14-BJ14),BI$8<>""),3,IF(AND(BI$8<BJ$8,BI14<BJ14,(BI$8-BJ$8)=(BI14-BJ14),BI$8<>""),3,IF(AND((BI$8-BJ$8)=0,(BI14-BJ14)=0,BI$8<>""),3,IF(AND(BI$8<BJ$8,BI14>BJ14),0,IF(AND(BI$8>BJ$8,BI14<BJ14),0,IF(AND(BI$8>BJ$8,BI14>BJ14,BI$8<>""),1,IF(AND(BI$8<BJ$8,BI14<BJ14,BI$8<>""),1,IF(AND(BI$8="",BJ$8=""),0,0))))))))) -> 0 | BL14: 3 | BM14: 1 | BN14: =IF(AND(BL$8=BL14,BM$8=BM14,BL$8<>""),5,IF(AND(BL$8>BM13,BL14>BM14,(BL$8-BM$8)=(BL14-BM14),BL$8<>""),3,IF(AND(BL$8<BM$8,BL14<BM14,(BL$8-BM$8)=(BL14-BM14),BL$8<>""),3,IF(AND((BM$8-BL$8)=0,(BL14-BM14)=0,BL$8<>""),3,IF(AND(BL$8<BM$8,BL14>BM14),0,IF(AND(BL$8>BM$8,BL14<BM14),0,IF(AND(BL$8>BM$8,BL14>BM14,BL$8<>""),1,IF(AND(BL$8<BM$8,BL14<BM14,BL$8<>""),1,IF(AND(BL$8="",BM$8=""),0,0))))))))) -> 0 | BO14: 4 | BP14: 2 | BQ14: =IF(AND(BO$8=BO14,BP$8=BP14,BO$8<>""),5,IF(AND(BO$8>BP13,BO14>BP14,(BO$8-BP$8)=(BO14-BP14),BO$8<>""),3,IF(AND(BO$8<BP$8,BO14<BP14,(BO$8-BP$8)=(BO14-BP14),BO$8<>""),3,IF(AND((BO$8-BP$8)=0,(BO14-BP14)=0,BO$8<>""),3,IF(AND(BO$8<BP$8,BO14>BP14),0,IF(AND(BO$8>BP$8,BO14<BP14),0,IF(AND(BO$8>BP$8,BO14>BP14,BO$8<>""),1,IF(AND(BO$8<BP$8,BO14<BP14,BO$8<>""),1,IF(AND(BO$8="",BP$8=""),0,0))))))))) -> 0 | BR14: 3 | BS14: 3 | BT14: =IF(AND(BR$8=BR14,BS$8=BS14,BR$8<>""),5,IF(AND(BR$8>BS13,BR14>BS14,(BR$8-BS$8)=(BR14-BS14),BR$8<>""),3,IF(AND(BR$8<BS$8,BR14<BS14,(BR$8-BS$8)=(BR14-BS14),BR$8<>""),3,IF(AND((BR$8-BS$8)=0,(BR14-BS14)=0,BR$8<>""),3,IF(AND(BR$8<BS$8,BR14>BS14),0,IF(AND(BR$8>BS$8,BR14<BS14),0,IF(AND(BR$8>BS$8,BR14>BS14,BR$8<>""),1,IF(AND(BR$8<BS$8,BR14<BS14,BR$8<>""),1,IF(AND(BR$8="",BS$8=""),0,0))))))))) -> 0 | BU14: 3 | BV14: 2 | BW14: =IF(AND(BU$8=BU14,BV$8=BV14,BU$8<>""),5,IF(AND(BU$8>BV13,BU14>BV14,(BU$8-BV$8)=(BU14-BV14),BU$8<>""),3,IF(AND(BU$8<BV$8,BU14<BV14,(BU$8-BV$8)=(BU14-BV14),BU$8<>""),3,IF(AND((BU$8-BV$8)=0,(BU14-BV14)=0,BU$8<>""),3,IF(AND(BU$8<BV$8,BU14>BV14),0,IF(AND(BU$8>BV$8,BU14<BV14),0,IF(AND(BU$8>BV$8,BU14>BV14,BU$8<>""),1,IF(AND(BU$8<BV$8,BU14<BV14,BU$8<>""),1,IF(AND(BU$8="",BV$8=""),0,0))))))))) -> 0 | BX14: 2 | BY14: 1 | BZ14: =IF(AND(BX$8=BX14,BY$8=BY14,BX$8<>""),5,IF(AND(BX$8>BY13,BX14>BY14,(BX$8-BY$8)=(BX14-BY14),BX$8<>""),3,IF(AND(BX$8<BY$8,BX14<BY14,(BX$8-BY$8)=(BX14-BY14),BX$8<>""),3,IF(AND((BX$8-BY$8)=0,(BX14-BY14)=0,BX$8<>""),3,IF(AND(BX$8<BY$8,BX14>BY14),0,IF(AND(BX$8>BY$8,BX14<BY14),0,IF(AND(BX$8>BY$8,BX14>BY14,BX$8<>""),1,IF(AND(BX$8<BY$8,BX14<BY14,BX$8<>""),1,IF(AND(BX$8="",BY$8=""),0,0))))))))) -> 0 | CA14: 1 | CB14: 1 | CC14: =IF(AND(CA$8=CA14,CB$8=CB14,CA$8<>""),5,IF(AND(CA$8>CB13,CA14>CB14,(CA$8-CB$8)=(CA14-CB14),CA$8<>""),3,IF(AND(CA$8<CB$8,CA14<CB14,(CA$8-CB$8)=(CA14-CB14),CA$8<>""),3,IF(AND((CA$8-CB$8)=0,(CA14-CB14)=0,CA$8<>""),3,IF(AND(CA$8<CB$8,CA14>CB14),0,IF(AND(CA$8>CB$8,CA14<CB14),0,IF(AND(CA$8>CB$8,CA14>CB14,CA$8<>""),1,IF(AND(CA$8<CB$8,CA14<CB14,CA$8<>""),1,IF(AND(CA$8="",CB$8=""),0,0))))))))) -> 0 | CD14: 2 | CE14: 1 | CF14: =IF(AND(CD$8=CD14,CE$8=CE14,CD$8<>""),5,IF(AND(CD$8>CE13,CD14>CE14,(CD$8-CE$8)=(CD14-CE14),CD$8<>""),3,IF(AND(CD$8<CE$8,CD14<CE14,(CD$8-CE$8)=(CD14-CE14),CD$8<>""),3,IF(AND((CD$8-CE$8)=0,(CD14-CE14)=0,CD$8<>""),3,IF(AND(CD$8<CE$8,CD14>CE14),0,IF(AND(CD$8>CE$8,CD14<CE14),0,IF(AND(CD$8>CE$8,CD14>CE14,CD$8<>""),1,IF(AND(CD$8<CE$8,CD14<CE14,CD$8<>""),1,IF(AND(CD$8="",CE$8=""),0,0))))))))) -> 0 | CG14: 2 | CH14: 0 | CI14: =IF(AND(CG$8=CG14,CH$8=CH14,CG$8<>""),5,IF(AND(CG$8>CH13,CG14>CH14,(CG$8-CH$8)=(CG14-CH14),CG$8<>""),3,IF(AND(CG$8<CH$8,CG14<CH14,(CG$8-CH$8)=(CG14-CH14),CG$8<>""),3,IF(AND((CG$8-CH$8)=0,(CG14-CH14)=0,CG$8<>""),3,IF(AND(CG$8<CH$8,CG14>CH14),0,IF(AND(CG$8>CH$8,CG14<CH14),0,IF(AND(CG$8>CH$8,CG14>CH14,CG$8<>""),1,IF(AND(CG$8<CH$8,CG14<CH14,CG$8<>""),1,IF(AND(CG$8="",CH$8=""),0,0))))))))) -> 0 | CJ14: 1 | CK14: 1 | CL14: =IF(AND(CJ$8=CJ14,CK$8=CK14,CJ$8<>""),5,IF(AND(CJ$8>CK13,CJ14>CK14,(CJ$8-CK$8)=(CJ14-CK14),CJ$8<>""),3,IF(AND(CJ$8<CK$8,CJ14<CK14,(CJ$8-CK$8)=(CJ14-CK14),CJ$8<>""),3,IF(AND((CJ$8-CK$8)=0,(CJ14-CK14)=0,CJ$8<>""),3,IF(AND(CJ$8<CK$8,CJ14>CK14),0,IF(AND(CJ$8>CK$8,CJ14<CK14),0,IF(AND(CJ$8>CK$8,CJ14>CK14,CJ$8<>""),1,IF(AND(CJ$8<CK$8,CJ14<CK14,CJ$8<>""),1,IF(AND(CJ$8="",CK$8=""),0,0))))))))) -> 0 | CM14: 2 | CN14: 0 | CO14: =IF(AND(CM$8=CM14,CN$8=CN14,CM$8<>""),5,IF(AND(CM$8>CN13,CM14>CN14,(CM$8-CN$8)=(CM14-CN14),CM$8<>""),3,IF(AND(CM$8<CN$8,CM14<CN14,(CM$8-CN$8)=(CM14-CN14),CM$8<>""),3,IF(AND((CM$8-CN$8)=0,(CM14-CN14)=0,CM$8<>""),3,IF(AND(CM$8<CN$8,CM14>CN14),0,IF(AND(CM$8>CN$8,CM14<CN14),0,IF(AND(CM$8>CN$8,CM14>CN14,CM$8<>""),1,IF(AND(CM$8<CN$8,CM14<CN14,CM$8<>""),1,IF(AND(CM$8="",CN$8=""),0,0))))))))) -> 0 | CP14: 2 | CQ14: 3 | CR14: =IF(AND(CP$8=CP14,CQ$8=CQ14,CP$8<>""),5,IF(AND(CP$8>CQ13,CP14>CQ14,(CP$8-CQ$8)=(CP14-CQ14),CP$8<>""),3,IF(AND(CP$8<CQ$8,CP14<CQ14,(CP$8-CQ$8)=(CP14-CQ14),CP$8<>""),3,IF(AND((CP$8-CQ$8)=0,(CP14-CQ14)=0,CP$8<>""),3,IF(AND(CP$8<CQ$8,CP14>CQ14),0,IF(AND(CP$8>CQ$8,CP14<CQ14),0,IF(AND(CP$8>CQ$8,CP14>CQ14,CP$8<>""),1,IF(AND(CP$8<CQ$8,CP14<CQ14,CP$8<>""),1,IF(AND(CP$8="",CQ$8=""),0,0))))))))) -> 0 | CS14: 3 | CT14: 1 | CU14: =IF(AND(CS$8=CS14,CT$8=CT14,CS$8<>""),5,IF(AND(CS$8>CT13,CS14>CT14,(CS$8-CT$8)=(CS14-CT14),CS$8<>""),3,IF(AND(CS$8<CT$8,CS14<CT14,(CS$8-CT$8)=(CS14-CT14),CS$8<>""),3,IF(AND((CS$8-CT$8)=0,(CS14-CT14)=0,CS$8<>""),3,IF(AND(CS$8<CT$8,CS14>CT14),0,IF(AND(CS$8>CT$8,CS14<CT14),0,IF(AND(CS$8>CT$8,CS14>CT14,CS$8<>""),1,IF(AND(CS$8<CT$8,CS14<CT14,CS$8<>""),1,IF(AND(CS$8="",CT$8=""),0,0))))))))) -> 0 | CV14: 1 | CW14: 1 | CX14: =IF(AND(CV$8=CV14,CW$8=CW14,CV$8<>""),5,IF(AND(CV$8>CW13,CV14>CW14,(CV$8-CW$8)=(CV14-CW14),CV$8<>""),3,IF(AND(CV$8<CW$8,CV14<CW14,(CV$8-CW$8)=(CV14-CW14),CV$8<>""),3,IF(AND((CV$8-CW$8)=0,(CV14-CW14)=0,CV$8<>""),3,IF(AND(CV$8<CW$8,CV14>CW14),0,IF(AND(CV$8>CW$8,CV14<CW14),0,IF(AND(CV$8>CW$8,CV14>CW14,CV$8<>""),1,IF(AND(CV$8<CW$8,CV14<CW14,CV$8<>""),1,IF(AND(CV$8="",CW$8=""),0,0))))))))) -> 0 | CY14: 3 | CZ14: 1 | DA14: =IF(AND(CY$8=CY14,CZ$8=CZ14,CY$8<>""),5,IF(AND(CY$8>CZ13,CY14>CZ14,(CY$8-CZ$8)=(CY14-CZ14),CY$8<>""),3,IF(AND(CY$8<CZ$8,CY14<CZ14,(CY$8-CZ$8)=(CY14-CZ14),CY$8<>""),3,IF(AND((CY$8-CZ$8)=0,(CY14-CZ14)=0,CY$8<>""),3,IF(AND(CY$8<CZ$8,CY14>CZ14),0,IF(AND(CY$8>CZ$8,CY14<CZ14),0,IF(AND(CY$8>CZ$8,CY14>CZ14,CY$8<>""),1,IF(AND(CY$8<CZ$8,CY14<CZ14,CY$8<>""),1,IF(AND(CY$8="",CZ$8=""),0,0))))))))) -> 0 | DB14: 2 | DC14: 3 | DD14: =IF(AND(DB$8=DB14,DC$8=DC14,DB$8<>""),5,IF(AND(DB$8>DC13,DB14>DC14,(DB$8-DC$8)=(DB14-DC14),DB$8<>""),3,IF(AND(DB$8<DC$8,DB14<DC14,(DB$8-DC$8)=(DB14-DC14),DB$8<>""),3,IF(AND((DB$8-DC$8)=0,(DB14-DC14)=0,DB$8<>""),3,IF(AND(DB$8<DC$8,DB14>DC14),0,IF(AND(DB$8>DC$8,DB14<DC14),0,IF(AND(DB$8>DC$8,DB14>DC14,DB$8<>""),1,IF(AND(DB$8<DC$8,DB14<DC14,DB$8<>""),1,IF(AND(DB$8="",DC$8=""),0,0))))))))) -> 0 | DE14: 1 | DF14: 2 | DG14: =IF(AND(DE$8=DE14,DF$8=DF14,DE$8<>""),5,IF(AND(DE$8>DF13,DE14>DF14,(DE$8-DF$8)=(DE14-DF14),DE$8<>""),3,IF(AND(DE$8<DF$8,DE14<DF14,(DE$8-DF$8)=(DE14-DF14),DE$8<>""),3,IF(AND((DE$8-DF$8)=0,(DE14-DF14)=0,DE$8<>""),3,IF(AND(DE$8<DF$8,DE14>DF14),0,IF(AND(DE$8>DF$8,DE14<DF14),0,IF(AND(DE$8>DF$8,DE14>DF14,DE$8<>""),1,IF(AND(DE$8<DF$8,DE14<DF14,DE$8<>""),1,IF(AND(DE$8="",DF$8=""),0,0))))))))) -> 0 | DH14: 0 | DI14: 2 | DJ14: =IF(AND(DH$8=DH14,DI$8=DI14,DH$8<>""),5,IF(AND(DH$8>DI13,DH14>DI14,(DH$8-DI$8)=(DH14-DI14),DH$8<>""),3,IF(AND(DH$8<DI$8,DH14<DI14,(DH$8-DI$8)=(DH14-DI14),DH$8<>""),3,IF(AND((DH$8-DI$8)=0,(DH14-DI14)=0,DH$8<>""),3,IF(AND(DH$8<DI$8,DH14>DI14),0,IF(AND(DH$8>DI$8,DH14<DI14),0,IF(AND(DH$8>DI$8,DH14>DI14,DH$8<>""),1,IF(AND(DH$8<DI$8,DH14<DI14,DH$8<>""),1,IF(AND(DH$8="",DI$8=""),0,0))))))))) -> 0 | DK14: 1 | DL14: 2 | DM14: =IF(AND(DK$8=DK14,DL$8=DL14,DK$8<>""),5,IF(AND(DK$8>DL13,DK14>DL14,(DK$8-DL$8)=(DK14-DL14),DK$8<>""),3,IF(AND(DK$8<DL$8,DK14<DL14,(DK$8-DL$8)=(DK14-DL14),DK$8<>""),3,IF(AND((DK$8-DL$8)=0,(DK14-DL14)=0,DK$8<>""),3,IF(AND(DK$8<DL$8,DK14>DL14),0,IF(AND(DK$8>DL$8,DK14<DL14),0,IF(AND(DK$8>DL$8,DK14>DL14,DK$8<>""),1,IF(AND(DK$8<DL$8,DK14<DL14,DK$8<>""),1,IF(AND(DK$8="",DL$8=""),0,0))))))))) -> 0 | DN14: 0 | DO14: 3 | DP14: =IF(AND(DN$8=DN14,DO$8=DO14,DN$8<>""),5,IF(AND(DN$8>DO13,DN14>DO14,(DN$8-DO$8)=(DN14-DO14),DN$8<>""),3,IF(AND(DN$8<DO$8,DN14<DO14,(DN$8-DO$8)=(DN14-DO14),DN$8<>""),3,IF(AND((DN$8-DO$8)=0,(DN14-DO14)=0,DN$8<>""),3,IF(AND(DN$8<DO$8,DN14>DO14),0,IF(AND(DN$8>DO$8,DN14<DO14),0,IF(AND(DN$8>DO$8,DN14>DO14,DN$8<>""),1,IF(AND(DN$8<DO$8,DN14<DO14,DN$8<>""),1,IF(AND(DN$8="",DO$8=""),0,0))))))))) -> 0 | DQ14: 2 | DR14: 3 | DS14: =IF(AND(DQ$8=DQ14,DR$8=DR14,DQ$8<>""),5,IF(AND(DQ$8>DR13,DQ14>DR14,(DQ$8-DR$8)=(DQ14-DR14),DQ$8<>""),3,IF(AND(DQ$8<DR$8,DQ14<DR14,(DQ$8-DR$8)=(DQ14-DR14),DQ$8<>""),3,IF(AND((DQ$8-DR$8)=0,(DQ14-DR14)=0,DQ$8<>""),3,IF(AND(DQ$8<DR$8,DQ14>DR14),0,IF(AND(DQ$8>DR$8,DQ14<DR14),0,IF(AND(DQ$8>DR$8,DQ14>DR14,DQ$8<>""),1,IF(AND(DQ$8<DR$8,DQ14<DR14,DQ$8<>""),1,IF(AND(DQ$8="",DR$8=""),0,0))))))))) -> 0 | DT14: 0 | DU14: 2 | DV14: =IF(AND(DT$8=DT14,DU$8=DU14,DT$8<>""),5,IF(AND(DT$8>DU13,DT14>DU14,(DT$8-DU$8)=(DT14-DU14),DT$8<>""),3,IF(AND(DT$8<DU$8,DT14<DU14,(DT$8-DU$8)=(DT14-DU14),DT$8<>""),3,IF(AND((DT$8-DU$8)=0,(DT14-DU14)=0,DT$8<>""),3,IF(AND(DT$8<DU$8,DT14>DU14),0,IF(AND(DT$8>DU$8,DT14<DU14),0,IF(AND(DT$8>DU$8,DT14>DU14,DT$8<>""),1,IF(AND(DT$8<DU$8,DT14<DU14,DT$8<>""),1,IF(AND(DT$8="",DU$8=""),0,0))))))))) -> 0 | DW14: 1 | DX14: 4 | DY14: =IF(AND(DW$8=DW14,DX$8=DX14,DW$8<>""),5,IF(AND(DW$8>DX13,DW14>DX14,(DW$8-DX$8)=(DW14-DX14),DW$8<>""),3,IF(AND(DW$8<DX$8,DW14<DX14,(DW$8-DX$8)=(DW14-DX14),DW$8<>""),3,IF(AND((DW$8-DX$8)=0,(DW14-DX14)=0,DW$8<>""),3,IF(AND(DW$8<DX$8,DW14>DX14),0,IF(AND(DW$8>DX$8,DW14<DX14),0,IF(AND(DW$8>DX$8,DW14>DX14,DW$8<>""),1,IF(AND(DW$8<DX$8,DW14<DX14,DW$8<>""),1,IF(AND(DW$8="",DX$8=""),0,0))))))))) -> 0 | DZ14: 1 | EA14: 3 | EB14: =IF(AND(DZ$8=DZ14,EA$8=EA14,DZ$8<>""),5,IF(AND(DZ$8>EA13,DZ14>EA14,(DZ$8-EA$8)=(DZ14-EA14),DZ$8<>""),3,IF(AND(DZ$8<EA$8,DZ14<EA14,(DZ$8-EA$8)=(DZ14-EA14),DZ$8<>""),3,IF(AND((DZ$8-EA$8)=0,(DZ14-EA14)=0,DZ$8<>""),3,IF(AND(DZ$8<EA$8,DZ14>EA14),0,IF(AND(DZ$8>EA$8,DZ14<EA14),0,IF(AND(DZ$8>EA$8,DZ14>EA14,DZ$8<>""),1,IF(AND(DZ$8<EA$8,DZ14<EA14,DZ$8<>""),1,IF(AND(DZ$8="",EA$8=""),0,0))))))))) -> 0 | EC14: 3 | ED14: 3 | EE14: =IF(AND(EC$8=EC14,ED$8=ED14,EC$8<>""),5,IF(AND(EC$8>ED13,EC14>ED14,(EC$8-ED$8)=(EC14-ED14),EC$8<>""),3,IF(AND(EC$8<ED$8,EC14<ED14,(EC$8-ED$8)=(EC14-ED14),EC$8<>""),3,IF(AND((EC$8-ED$8)=0,(EC14-ED14)=0,EC$8<>""),3,IF(AND(EC$8<ED$8,EC14>ED14),0,IF(AND(EC$8>ED$8,EC14<ED14),0,IF(AND(EC$8>ED$8,EC14>ED14,EC$8<>""),1,IF(AND(EC$8<ED$8,EC14<ED14,EC$8<>""),1,IF(AND(EC$8="",ED$8=""),0,0))))))))) -> 0 | EF14: 1 | EG14: 3 | EH14: =IF(AND(EF$8=EF14,EG$8=EG14,EF$8<>""),5,IF(AND(EF$8>EG13,EF14>EG14,(EF$8-EG$8)=(EF14-EG14),EF$8<>""),3,IF(AND(EF$8<EG$8,EF14<EG14,(EF$8-EG$8)=(EF14-EG14),EF$8<>""),3,IF(AND((EF$8-EG$8)=0,(EF14-EG14)=0,EF$8<>""),3,IF(AND(EF$8<EG$8,EF14>EG14),0,IF(AND(EF$8>EG$8,EF14<EG14),0,IF(AND(EF$8>EG$8,EF14>EG14,EF$8<>""),1,IF(AND(EF$8<EG$8,EF14<EG14,EF$8<>""),1,IF(AND(EF$8="",EG$8=""),0,0))))))))) -> 0 | EI14: 0 | EJ14: 4 | EK14: =IF(AND(EI$8=EI14,EJ$8=EJ14,EI$8<>""),5,IF(AND(EI$8>EJ13,EI14>EJ14,(EI$8-EJ$8)=(EI14-EJ14),EI$8<>""),3,IF(AND(EI$8<EJ$8,EI14<EJ14,(EI$8-EJ$8)=(EI14-EJ14),EI$8<>""),3,IF(AND((EI$8-EJ$8)=0,(EI14-EJ14)=0,EI$8<>""),3,IF(AND(EI$8<EJ$8,EI14>EJ14),0,IF(AND(EI$8>EJ$8,EI14<EJ14),0,IF(AND(EI$8>EJ$8,EI14>EJ14,EI$8<>""),1,IF(AND(EI$8<EJ$8,EI14<EJ14,EI$8<>""),1,IF(AND(EI$8="",EJ$8=""),0,0))))))))) -> 0 | EL14: 0 | EM14: 4 | EN14: =IF(AND(EL$8=EL14,EM$8=EM14,EL$8<>""),5,IF(AND(EL$8>EM13,EL14>EM14,(EL$8-EM$8)=(EL14-EM14),EL$8<>""),3,IF(AND(EL$8<EM$8,EL14<EM14,(EL$8-EM$8)=(EL14-EM14),EL$8<>""),3,IF(AND((EL$8-EM$8)=0,(EL14-EM14)=0,EL$8<>""),3,IF(AND(EL$8<EM$8,EL14>EM14),0,IF(AND(EL$8>EM$8,EL14<EM14),0,IF(AND(EL$8>EM$8,EL14>EM14,EL$8<>""),1,IF(AND(EL$8<EM$8,EL14<EM14,EL$8<>""),1,IF(AND(EL$8="",EM$8=""),0,0))))))))) -> 0 | EO14: 2 | EP14: 3 | EQ14: =IF(AND(EO$8=EO14,EP$8=EP14,EO$8<>""),5,IF(AND(EO$8>EP13,EO14>EP14,(EO$8-EP$8)=(EO14-EP14),EO$8<>""),3,IF(AND(EO$8<EP$8,EO14<EP14,(EO$8-EP$8)=(EO14-EP14),EO$8<>""),3,IF(AND((EO$8-EP$8)=0,(EO14-EP14)=0,EO$8<>""),3,IF(AND(EO$8<EP$8,EO14>EP14),0,IF(AND(EO$8>EP$8,EO14<EP14),0,IF(AND(EO$8>EP$8,EO14>EP14,EO$8<>""),1,IF(AND(EO$8<EP$8,EO14<EP14,EO$8<>""),1,IF(AND(EO$8="",EP$8=""),0,0))))))))) -> 0 | ER14: =F14+I14+L14+O14+R14+U14+X14+AA14+AD14+AG14+AJ14+AM14+AP14+AS14+AV14+AY14+BB14+BE14+BH14+BK14+BN14+BQ14+BT14+BW14+BZ14+CC14+CF14+CI14+CL14+CO14+CR14+CU14+CX14+DA14+DD14+DG14+DJ14+DM14+DP14+DS14+DV14+DY14+EB14+EE14+EH14+EK14+EN14+EQ14 -> 23
A15: 7 | B15: MANUEL ORTEGA | C15: =ER15 -> 23 | D15: 1 | E15: 3 | F15: =IF(AND(D$8=D15,E$8=E15,D$8<>""),5,IF(AND(D$8>E$8,D15>E15,(D$8-E$8)=(D15-E15),D$8<>""),3,IF(AND(D$8<E$8,D15<E15,(E$8-D$8)=(E15-D15),D$8<>""),3,IF(AND((D$8-E$8)=0,(D15-E15)=0,D$8<>""),3,IF(AND(D$8<E$8,D15>E15),0,IF(AND(D$8>E$8,D15<E15),0,IF(AND(D$8>E$8,D15>E15,D$8<>""),1,IF(AND(D$8<E$8,D15<E15,D$8<>""),1,IF(AND(D$8="",E$8=""),0,0))))))))) -> 3 | G15: 1 | H15: 3 | I15: =IF(AND(G$8=G15,H$8=H15,G$8<>""),5,IF(AND(G$8>H$8,G15>H15,(G$8-H$8)=(G15-H15),G$8<>""),3,IF(AND(G$8<H$8,G15<H15,(H$8-G$8)=(H15-G15),G$8<>""),3,IF(AND((G$8-H$8)=0,(G15-H15)=0,G$8<>""),3,IF(AND(G$8<H$8,G15>H15),0,IF(AND(G$8>H$8,G15<H15),0,IF(AND(G$8>H$8,G15>H15,G$8<>""),1,IF(AND(G$8<H$8,G15<H15,G$8<>""),1,IF(AND(G$8="",H$8=""),0,0))))))))) -> 3 | J15: 4 | K15: 0 | L15: =IF(AND(J$8=J15,K$8=K15,J$8<>""),5,IF(AND(J$8>K$8,J15>K15,(J$8-K$8)=(J15-K15),J$8<>""),3,IF(AND(J$8<K$8,J15<K15,(K$8-J$8)=(K15-J15),J$8<>""),3,IF(AND((J$8-K$8)=0,(J15-K15)=0,J$8<>""),3,IF(AND(J$8<K$8,J15>K15),0,IF(AND(J$8>K$8,J15<K15),0,IF(AND(J$8>K$8,J15>K15,J$8<>""),1,IF(AND(J$8<K$8,J15<K15,J$8<>""),1,IF(AND(J$8="",K$8=""),0,0))))))))) -> 3 | M15: 3 | N15: 3 | O15: =IF(AND(M$8=M15,N$8=N15,M$8<>""),5,IF(AND(M$8>N$8,M15>N15,(M$8-N$8)=(M15-N15),M$8<>""),3,IF(AND(M$8<N$8,M15<N15,(N$8-M$8)=(N15-M15),M$8<>""),3,IF(AND((M$8-N$8)=0,(M15-N15)=0,M$8<>""),3,IF(AND(M$8<N$8,M15>N15),0,IF(AND(M$8>N$8,M15<N15),0,IF(AND(M$8>N$8,M15>N15,M$8<>""),1,IF(AND(M$8<N$8,M15<N15,M$8<>""),1,IF(AND(M$8="",N$8=""),0,0))))))))) -> 3 | P15: 3 | Q15: 0 | R15: =IF(AND(P$8=P15,Q$8=Q15,P$8<>""),5,IF(AND(P$8>Q$8,P15>Q15,(P$8-Q$8)=(P15-Q15),P$8<>""),3,IF(AND(P$8<Q$8,P15<Q15,(Q$8-P$8)=(Q15-P15),P$8<>""),3,IF(AND((P$8-Q$8)=0,(P15-Q15)=0,P$8<>""),3,IF(AND(P$8<Q$8,P15>Q15),0,IF(AND(P$8>Q$8,P15<Q15),0,IF(AND(P$8>Q$8,P15>Q15,P$8<>""),1,IF(AND(P$8<Q$8,P15<Q15,P$8<>""),1,IF(AND(P$8="",Q$8=""),0,0))))))))) -> 0 | S15: 1 | T15: 1 | U15: =IF(AND(S$8=S15,T$8=T15,S$8<>""),5,IF(AND(S$8>T$8,S15>T15,(S$8-T$8)=(S15-T15),S$8<>""),3,IF(AND(S$8<T$8,S15<T15,(T$8-S$8)=(T15-S15),S$8<>""),3,IF(AND((S$8-T$8)=0,(S15-T15)=0,S$8<>""),3,IF(AND(S$8<T$8,S15>T15),0,IF(AND(S$8>T$8,S15<T15),0,IF(AND(S$8>T$8,S15>T15,S$8<>""),1,IF(AND(S$8<T$8,S15<T15,S$8<>""),1,IF(AND(S$8="",T$8=""),0,0))))))))) -> 3 | V15: 3 | W15: 1 | X15: =IF(AND(V$8=V15,W$8=W15,V$8<>""),5,IF(AND(V$8>W$8,V15>W15,(V$8-W$8)=(V15-W15),V$8<>""),3,IF(AND(V$8<W$8,V15<W15,(W$8-V$8)=(W15-V15),V$8<>""),3,IF(AND((V$8-W$8)=0,(V15-W15)=0,V$8<>""),3,IF(AND(V$8<W$8,V15>W15),0,IF(AND(V$8>W$8,V15<W15),0,IF(AND(V$8>W$8,V15>W15,V$8<>""),1,IF(AND(V$8<W$8,V15<W15,V$8<>""),1,IF(AND(V$8="",W$8=""),0,0))))))))) -> 0 | Y15: 4 | Z15: 0 | AA15: =IF(AND(Y$8=Y15,Z$8=Z15,Y$8<>""),5,IF(AND(Y$8>Z$8,Y15>Z15,(Y$8-Z$8)=(Y15-Z15),Y$8<>""),3,IF(AND(Y$8<Z$8,Y15<Z15,(Z$8-Y$8)=(Z15-Y15),Y$8<>""),3,IF(AND((Y$8-Z$8)=0,(Y15-Z15)=0,Y$8<>""),3,IF(AND(Y$8<Z$8,Y15>Z15),0,IF(AND(Y$8>Z$8,Y15<Z15),0,IF(AND(Y$8>Z$8,Y15>Z15,Y$8<>""),1,IF(AND(Y$8<Z$8,Y15<Z15,Y$8<>""),1,IF(AND(Y$8="",Z$8=""),0,0))))))))) -> 1 | AB15: 4 | AC15: 1 | AD15: =IF(AND(AB$8=AB15,AC$8=AC15,AB$8<>""),5,IF(AND(AB$8>AC$8,AB15>AC15,(AB$8-AC$8)=(AB15-AC15),AB$8<>""),3,IF(AND(AB$8<AC$8,AB15<AC15,(AC$8-AB$8)=(AC15-AB15),AB$8<>""),3,IF(AND((AB$8-AC$8)=0,(AB15-AC15)=0,AB$8<>""),3,IF(AND(AB$8<AC$8,AB15>AC15),0,IF(AND(AB$8>AC$8,AB15<AC15),0,IF(AND(AB$8>AC$8,AB15>AC15,AB$8<>""),1,IF(AND(AB$8<AC$8,AB15<AC15,AB$8<>""),1,IF(AND(AB$8="",AC$8=""),0,0))))))))) -> 0 | AE15: 3 | AF15: 1 | AG15: =IF(AND(AE$8=AE15,AF$8=AF15,AE$8<>""),5,IF(AND(AE$8>AF$8,AE15>AF15,(AE$8-AF$8)=(AE15-AF15),AE$8<>""),3,IF(AND(AE$8<AF$8,AE15<AF15,(AE$8-AF$8)=(AE15-AF15),AE$8<>""),3,IF(AND((AE$8-AF$8)=0,(AE15-AF15)=0,AE$8<>""),3,IF(AND(AE$8<AF$8,AE15>AF15),0,IF(AND(AE$8>AF$8,AE15<AF15),0,IF(AND(AE$8>AF$8,AE15>AF15,AE$8<>""),1,IF(AND(AE$8<AF$8,AE15<AF15,AE$8<>""),1,IF(AND(AE$8="",AF$8=""),0,0))))))))) -> 1 | AH15: 1 | AI15: 3 | AJ15: =IF(AND(AH$8=AH15,AI$8=AI15,AH$8<>""),5,IF(AND(AH$8>AI$8,AH15>AI15,(AH$8-AI$8)=(AH15-AI15),AH$8<>""),3,IF(AND(AH$8<AI$8,AH15<AI15,(AH$8-AI$8)=(AH15-AI15),AH$8<>""),3,IF(AND((AH$8-AI$8)=0,(AH15-AI15)=0,AH$8<>""),3,IF(AND(AH$8<AI$8,AH15>AI15),0,IF(AND(AH$8>AI$8,AH15<AI15),0,IF(AND(AH$8>AI$8,AH15>AI15,AH$8<>""),1,IF(AND(AH$8<AI$8,AH15<AI15,AH$8<>""),1,IF(AND(AH$8="",AI$8=""),0,0))))))))) -> 0 | AK15: 4 | AL15: 1 | AM15: =IF(AND(AK$8=AK15,AL$8=AL15,AK$8<>""),5,IF(AND(AK$8>AL$8,AK15>AL15,(AK$8-AL$8)=(AK15-AL15),AK$8<>""),3,IF(AND(AK$8<AL$8,AK15<AL15,(AK$8-AL$8)=(AK15-AL15),AK$8<>""),3,IF(AND((AK$8-AL$8)=0,(AK15-AL15)=0,AK$8<>""),3,IF(AND(AK$8<AL$8,AK15>AL15),0,IF(AND(AK$8>AL$8,AK15<AL15),0,IF(AND(AK$8>AL$8,AK15>AL15,AK$8<>""),1,IF(AND(AK$8<AL$8,AK15<AL15,AK$8<>""),1,IF(AND(AK$8="",AL$8=""),0,0))))))))) -> 1 | AN15: 2 | AO15: 2 | AP15: =IF(AND(AN$8=AN15,AO$8=AO15,AN$8<>""),5,IF(AND(AN$8>AO$8,AN15>AO15,(AN$8-AO$8)=(AN15-AO15),AN$8<>""),3,IF(AND(AN$8<AO$8,AN15<AO15,(AN$8-AO$8)=(AN15-AO15),AN$8<>""),3,IF(AND((AN$8-AO$8)=0,(AN15-AO15)=0,AN$8<>""),3,IF(AND(AN$8<AO$8,AN15>AO15),0,IF(AND(AN$8>AO$8,AN15<AO15),0,IF(AND(AN$8>AO$8,AN15>AO15,AN$8<>""),1,IF(AND(AN$8<AO$8,AN15<AO15,AN$8<>""),1,IF(AND(AN$8="",AO$8=""),0,0))))))))) -> 0 | AQ15: 5 | AR15: 0 | AS15: =IF(AND(AQ$8=AQ15,AR$8=AR15,AQ$8<>""),5,IF(AND(AQ$8>AR14,AQ15>AR15,(AQ$8-AR$8)=(AQ15-AR15),AQ$8<>""),3,IF(AND(AQ$8<AR$8,AQ15<AR15,(AQ$8-AR$8)=(AQ15-AR15),AQ$8<>""),3,IF(AND((AQ$8-AR$8)=0,(AQ15-AR15)=0,AQ$8<>""),3,IF(AND(AQ$8<AR$8,AQ15>AR15),0,IF(AND(AQ$8>AR$8,AQ15<AR15),0,IF(AND(AQ$8>AR$8,AQ15>AR15,AQ$8<>""),1,IF(AND(AQ$8<AR$8,AQ15<AR15,AQ$8<>""),1,IF(AND(AQ$8="",AR$8=""),0,0))))))))) -> 1 | AT15: 3 | AU15: 1 | AV15: =IF(AND(AT$8=AT15,AU$8=AU15,AT$8<>""),5,IF(AND(AT$8>AU14,AT15>AU15,(AT$8-AU$8)=(AT15-AU15),AT$8<>""),3,IF(AND(AT$8<AU$8,AT15<AU15,(AT$8-AU$8)=(AT15-AU15),AT$8<>""),3,IF(AND((AT$8-AU$8)=0,(AT15-AU15)=0,AT$8<>""),3,IF(AND(AT$8<AU$8,AT15>AU15),0,IF(AND(AT$8>AU$8,AT15<AU15),0,IF(AND(AT$8>AU$8,AT15>AU15,AT$8<>""),1,IF(AND(AT$8<AU$8,AT15<AU15,AT$8<>""),1,IF(AND(AT$8="",AU$8=""),0,0))))))))) -> 0 | AW15: 3 | AX15: 0 | AY15: =IF(AND(AW$8=AW15,AX$8=AX15,AW$8<>""),5,IF(AND(AW$8>AX14,AW15>AX15,(AW$8-AX$8)=(AW15-AX15),AW$8<>""),3,IF(AND(AW$8<AX$8,AW15<AX15,(AW$8-AX$8)=(AW15-AX15),AW$8<>""),3,IF(AND((AW$8-AX$8)=0,(AW15-AX15)=0,AW$8<>""),3,IF(AND(AW$8<AX$8,AW15>AX15),0,IF(AND(AW$8>AX$8,AW15<AX15),0,IF(AND(AW$8>AX$8,AW15>AX15,AW$8<>""),1,IF(AND(AW$8<AX$8,AW15<AX15,AW$8<>""),1,IF(AND(AW$8="",AX$8=""),0,0))))))))) -> 1 | AZ15: 1 | BA15: 2 | BB15: =IF(AND(AZ$8=AZ15,BA$8=BA15,AZ$8<>""),5,IF(AND(AZ$8>BA14,AZ15>BA15,(AZ$8-BA$8)=(AZ15-BA15),AZ$8<>""),3,IF(AND(AZ$8<BA$8,AZ15<BA15,(AZ$8-BA$8)=(AZ15-BA15),AZ$8<>""),3,IF(AND((AZ$8-BA$8)=0,(AZ15-BA15)=0,AZ$8<>""),3,IF(AND(AZ$8<BA$8,AZ15>BA15),0,IF(AND(AZ$8>BA$8,AZ15<BA15),0,IF(AND(AZ$8>BA$8,AZ15>BA15,AZ$8<>""),1,IF(AND(AZ$8<BA$8,AZ15<BA15,AZ$8<>""),1,IF(AND(AZ$8="",BA$8=""),0,0))))))))) -> 3 | BC15: 3 | BD15: 2 | BE15: =IF(AND(BC$8=BC15,BD$8=BD15,BC$8<>""),5,IF(AND(BC$8>BD14,BC15>BD15,(BC$8-BD$8)=(BC15-BD15),BC$8<>""),3,IF(AND(BC$8<BD$8,BC15<BD15,(BC$8-BD$8)=(BC15-BD15),BC$8<>""),3,IF(AND((BC$8-BD$8)=0,(BC15-BD15)=0,BC$8<>""),3,IF(AND(BC$8<BD$8,BC15>BD15),0,IF(AND(BC$8>BD$8,BC15<BD15),0,IF(AND(BC$8>BD$8,BC15>BD15,BC$8<>""),1,IF(AND(BC$8<BD$8,BC15<BD15,BC$8<>""),1,IF(AND(BC$8="",BD$8=""),0,0))))))))) -> 0 | BF15: 4 | BG15: 1 | BH15: =IF(AND(BF$8=BF15,BG$8=BG15,BF$8<>""),5,IF(AND(BF$8>BG14,BF15>BG15,(BF$8-BG$8)=(BF15-BG15),BF$8<>""),3,IF(AND(BF$8<BG$8,BF15<BG15,(BF$8-BG$8)=(BF15-BG15),BF$8<>""),3,IF(AND((BF$8-BG$8)=0,(BF15-BG15)=0,BF$8<>""),3,IF(AND(BF$8<BG$8,BF15>BG15),0,IF(AND(BF$8>BG$8,BF15<BG15),0,IF(AND(BF$8>BG$8,BF15>BG15,BF$8<>""),1,IF(AND(BF$8<BG$8,BF15<BG15,BF$8<>""),1,IF(AND(BF$8="",BG$8=""),0,0))))))))) -> 0 | BI15: 3 | BJ15: 2 | BK15: =IF(AND(BI$8=BI15,BJ$8=BJ15,BI$8<>""),5,IF(AND(BI$8>BJ14,BI15>BJ15,(BI$8-BJ$8)=(BI15-BJ15),BI$8<>""),3,IF(AND(BI$8<BJ$8,BI15<BJ15,(BI$8-BJ$8)=(BI15-BJ15),BI$8<>""),3,IF(AND((BI$8-BJ$8)=0,(BI15-BJ15)=0,BI$8<>""),3,IF(AND(BI$8<BJ$8,BI15>BJ15),0,IF(AND(BI$8>BJ$8,BI15<BJ15),0,IF(AND(BI$8>BJ$8,BI15>BJ15,BI$8<>""),1,IF(AND(BI$8<BJ$8,BI15<BJ15,BI$8<>""),1,IF(AND(BI$8="",BJ$8=""),0,0))))))))) -> 0 | BL15: 2 | BM15: 0 | BN15: =IF(AND(BL$8=BL15,BM$8=BM15,BL$8<>""),5,IF(AND(BL$8>BM14,BL15>BM15,(BL$8-BM$8)=(BL15-BM15),BL$8<>""),3,IF(AND(BL$8<BM$8,BL15<BM15,(BL$8-BM$8)=(BL15-BM15),BL$8<>""),3,IF(AND((BM$8-BL$8)=0,(BL15-BM15)=0,BL$8<>""),3,IF(AND(BL$8<BM$8,BL15>BM15),0,IF(AND(BL$8>BM$8,BL15<BM15),0,IF(AND(BL$8>BM$8,BL15>BM15,BL$8<>""),1,IF(AND(BL$8<BM$8,BL15<BM15,BL$8<>""),1,IF(AND(BL$8="",BM$8=""),0,0))))))))) -> 0 | BO15: 3 | BP15: 2 | BQ15: =IF(AND(BO$8=BO15,BP$8=BP15,BO$8<>""),5,IF(AND(BO$8>BP14,BO15>BP15,(BO$8-BP$8)=(BO15-BP15),BO$8<>""),3,IF(AND(BO$8<BP$8,BO15<BP15,(BO$8-BP$8)=(BO15-BP15),BO$8<>""),3,IF(AND((BO$8-BP$8)=0,(BO15-BP15)=0,BO$8<>""),3,IF(AND(BO$8<BP$8,BO15>BP15),0,IF(AND(BO$8>BP$8,BO15<BP15),0,IF(AND(BO$8>BP$8,BO15>BP15,BO$8<>""),1,IF(AND(BO$8<BP$8,BO15<BP15,BO$8<>""),1,IF(AND(BO$8="",BP$8=""),0,0))))))))) -> 0 | BR15: 3 | BS15: 3 | BT15: =IF(AND(BR$8=BR15,BS$8=BS15,BR$8<>""),5,IF(AND(BR$8>BS14,BR15>BS15,(BR$8-BS$8)=(BR15-BS15),BR$8<>""),3,IF(AND(BR$8<BS$8,BR15<BS15,(BR$8-BS$8)=(BR15-BS15),BR$8<>""),3,IF(AND((BR$8-BS$8)=0,(BR15-BS15)=0,BR$8<>""),3,IF(AND(BR$8<BS$8,BR15>BS15),0,IF(AND(BR$8>BS$8,BR15<BS15),0,IF(AND(BR$8>BS$8,BR15>BS15,BR$8<>""),1,IF(AND(BR$8<BS$8,BR15<BS15,BR$8<>""),1,IF(AND(BR$8="",BS$8=""),0,0))))))))) -> 0 | BU15: 2 | BV15: 1 | BW15: =IF(AND(BU$8=BU15,BV$8=BV15,BU$8<>""),5,IF(AND(BU$8>BV14,BU15>BV15,(BU$8-BV$8)=(BU15-BV15),BU$8<>""),3,IF(AND(BU$8<BV$8,BU15<BV15,(BU$8-BV$8)=(BU15-BV15),BU$8<>""),3,IF(AND((BU$8-BV$8)=0,(BU15-BV15)=0,BU$8<>""),3,IF(AND(BU$8<BV$8,BU15>BV15),0,IF(AND(BU$8>BV$8,BU15<BV15),0,IF(AND(BU$8>BV$8,BU15>BV15,BU$8<>""),1,IF(AND(BU$8<BV$8,BU15<BV15,BU$8<>""),1,IF(AND(BU$8="",BV$8=""),0,0))))))))) -> 0 | BX15: 1 | BY15: 1 | BZ15: =IF(AND(BX$8=BX15,BY$8=BY15,BX$8<>""),5,IF(AND(BX$8>BY14,BX15>BY15,(BX$8-BY$8)=(BX15-BY15),BX$8<>""),3,IF(AND(BX$8<BY$8,BX15<BY15,(BX$8-BY$8)=(BX15-BY15),BX$8<>""),3,IF(AND((BX$8-BY$8)=0,(BX15-BY15)=0,BX$8<>""),3,IF(AND(BX$8<BY$8,BX15>BY15),0,IF(AND(BX$8>BY$8,BX15<BY15),0,IF(AND(BX$8>BY$8,BX15>BY15,BX$8<>""),1,IF(AND(BX$8<BY$8,BX15<BY15,BX$8<>""),1,IF(AND(BX$8="",BY$8=""),0,0))))))))) -> 0 | CA15: 1 | CB15: 2 | CC15: =IF(AND(CA$8=CA15,CB$8=CB15,CA$8<>""),5,IF(AND(CA$8>CB14,CA15>CB15,(CA$8-CB$8)=(CA15-CB15),CA$8<>""),3,IF(AND(CA$8<CB$8,CA15<CB15,(CA$8-CB$8)=(CA15-CB15),CA$8<>""),3,IF(AND((CA$8-CB$8)=0,(CA15-CB15)=0,CA$8<>""),3,IF(AND(CA$8<CB$8,CA15>CB15),0,IF(AND(CA$8>CB$8,CA15<CB15),0,IF(AND(CA$8>CB$8,CA15>CB15,CA$8<>""),1,IF(AND(CA$8<CB$8,CA15<CB15,CA$8<>""),1,IF(AND(CA$8="",CB$8=""),0,0))))))))) -> 0 | CD15: 3 | CE15: 2 | CF15: =IF(AND(CD$8=CD15,CE$8=CE15,CD$8<>""),5,IF(AND(CD$8>CE14,CD15>CE15,(CD$8-CE$8)=(CD15-CE15),CD$8<>""),3,IF(AND(CD$8<CE$8,CD15<CE15,(CD$8-CE$8)=(CD15-CE15),CD$8<>""),3,IF(AND((CD$8-CE$8)=0,(CD15-CE15)=0,CD$8<>""),3,IF(AND(CD$8<CE$8,CD15>CE15),0,IF(AND(CD$8>CE$8,CD15<CE15),0,IF(AND(CD$8>CE$8,CD15>CE15,CD$8<>""),1,IF(AND(CD$8<CE$8,CD15<CE15,CD$8<>""),1,IF(AND(CD$8="",CE$8=""),0,0))))))))) -> 0 | CG15: 2 | CH15: 2 | CI15: =IF(AND(CG$8=CG15,CH$8=CH15,CG$8<>""),5,IF(AND(CG$8>CH14,CG15>CH15,(CG$8-CH$8)=(CG15-CH15),CG$8<>""),3,IF(AND(CG$8<CH$8,CG15<CH15,(CG$8-CH$8)=(CG15-CH15),CG$8<>""),3,IF(AND((CG$8-CH$8)=0,(CG15-CH15)=0,CG$8<>""),3,IF(AND(CG$8<CH$8,CG15>CH15),0,IF(AND(CG$8>CH$8,CG15<CH15),0,IF(AND(CG$8>CH$8,CG15>CH15,CG$8<>""),1,IF(AND(CG$8<CH$8,CG15<CH15,CG$8<>""),1,IF(AND(CG$8="",CH$8=""),0,0))))))))) -> 0 | CJ15: 3 | CK15: 2 | CL15: =IF(AND(CJ$8=CJ15,CK$8=CK15,CJ$8<>""),5,IF(AND(CJ$8>CK14,CJ15>CK15,(CJ$8-CK$8)=(CJ15-CK15),CJ$8<>""),3,IF(AND(CJ$8<CK$8,CJ15<CK15,(CJ$8-CK$8)=(CJ15-CK15),CJ$8<>""),3,IF(AND((CJ$8-CK$8)=0,(CJ15-CK15)=0,CJ$8<>""),3,IF(AND(CJ$8<CK$8,CJ15>CK15),0,IF(AND(CJ$8>CK$8,CJ15<CK15),0,IF(AND(CJ$8>CK$8,CJ15>CK15,CJ$8<>""),1,IF(AND(CJ$8<CK$8,CJ15<CK15,CJ$8<>""),1,IF(AND(CJ$8="",CK$8=""),0,0))))))))) -> 0 | CM15: 3 | CN15: 0 | CO15: =IF(AND(CM$8=CM15,CN$8=CN15,CM$8<>""),5,IF(AND(CM$8>CN14,CM15>CN15,(CM$8-CN$8)=(CM15-CN15),CM$8<>""),3,IF(AND(CM$8<CN$8,CM15<CN15,(CM$8-CN$8)=(CM15-CN15),CM$8<>""),3,IF(AND((CM$8-CN$8)=0,(CM15-CN15)=0,CM$8<>""),3,IF(AND(CM$8<CN$8,CM15>CN15),0,IF(AND(CM$8>CN$8,CM15<CN15),0,IF(AND(CM$8>CN$8,CM15>CN15,CM$8<>""),1,IF(AND(CM$8<CN$8,CM15<CN15,CM$8<>""),1,IF(AND(CM$8="",CN$8=""),0,0))))))))) -> 0 | CP15: 2 | CQ15: 3 | CR15: =IF(AND(CP$8=CP15,CQ$8=CQ15,CP$8<>""),5,IF(AND(CP$8>CQ14,CP15>CQ15,(CP$8-CQ$8)=(CP15-CQ15),CP$8<>""),3,IF(AND(CP$8<CQ$8,CP15<CQ15,(CP$8-CQ$8)=(CP15-CQ15),CP$8<>""),3,IF(AND((CP$8-CQ$8)=0,(CP15-CQ15)=0,CP$8<>""),3,IF(AND(CP$8<CQ$8,CP15>CQ15),0,IF(AND(CP$8>CQ$8,CP15<CQ15),0,IF(AND(CP$8>CQ$8,CP15>CQ15,CP$8<>""),1,IF(AND(CP$8<CQ$8,CP15<CQ15,CP$8<>""),1,IF(AND(CP$8="",CQ$8=""),0,0))))))))) -> 0 | CS15: 3 | CT15: 2 | CU15: =IF(AND(CS$8=CS15,CT$8=CT15,CS$8<>""),5,IF(AND(CS$8>CT14,CS15>CT15,(CS$8-CT$8)=(CS15-CT15),CS$8<>""),3,IF(AND(CS$8<CT$8,CS15<CT15,(CS$8-CT$8)=(CS15-CT15),CS$8<>""),3,IF(AND((CS$8-CT$8)=0,(CS15-CT15)=0,CS$8<>""),3,IF(AND(CS$8<CT$8,CS15>CT15),0,IF(AND(CS$8>CT$8,CS15<CT15),0,IF(AND(CS$8>CT$8,CS15>CT15,CS$8<>""),1,IF(AND(CS$8<CT$8,CS15<CT15,CS$8<>""),1,IF(AND(CS$8="",CT$8=""),0,0))))))))) -> 0 | CV15: 2 | CW15: 2 | CX15: =IF(AND(CV$8=CV15,CW$8=CW15,CV$8<>""),5,IF(AND(CV$8>CW14,CV15>CW15,(CV$8-CW$8)=(CV15-CW15),CV$8<>""),3,IF(AND(CV$8<CW$8,CV15<CW15,(CV$8-CW$8)=(CV15-CW15),CV$8<>""),3,IF(AND((CV$8-CW$8)=0,(CV15-CW15)=0,CV$8<>""),3,IF(AND(CV$8<CW$8,CV15>CW15),0,IF(AND(CV$8>CW$8,CV15<CW15),0,IF(AND(CV$8>CW$8,CV15>CW15,CV$8<>""),1,IF(AND(CV$8<CW$8,CV15<CW15,CV$8<>""),1,IF(AND(CV$8="",CW$8=""),0,0))))))))) -> 0 | CY15: 4 | CZ15: 1 | DA15: =IF(AND(CY$8=CY15,CZ$8=CZ15,CY$8<>""),5,IF(AND(CY$8>CZ14,CY15>CZ15,(CY$8-CZ$8)=(CY15-CZ15),CY$8<>""),3,IF(AND(CY$8<CZ$8,CY15<CZ15,(CY$8-CZ$8)=(CY15-CZ15),CY$8<>""),3,IF(AND((CY$8-CZ$8)=0,(CY15-CZ15)=0,CY$8<>""),3,IF(AND(CY$8<CZ$8,CY15>CZ15),0,IF(AND(CY$8>CZ$8,CY15<CZ15),0,IF(AND(CY$8>CZ$8,CY15>CZ15,CY$8<>""),1,IF(AND(CY$8<CZ$8,CY15<CZ15,CY$8<>""),1,IF(AND(CY$8="",CZ$8=""),0,0))))))))) -> 0 | DB15: 1 | DC15: 2 | DD15: =IF(AND(DB$8=DB15,DC$8=DC15,DB$8<>""),5,IF(AND(DB$8>DC14,DB15>DC15,(DB$8-DC$8)=(DB15-DC15),DB$8<>""),3,IF(AND(DB$8<DC$8,DB15<DC15,(DB$8-DC$8)=(DB15-DC15),DB$8<>""),3,IF(AND((DB$8-DC$8)=0,(DB15-DC15)=0,DB$8<>""),3,IF(AND(DB$8<DC$8,DB15>DC15),0,IF(AND(DB$8>DC$8,DB15<DC15),0,IF(AND(DB$8>DC$8,DB15>DC15,DB$8<>""),1,IF(AND(DB$8<DC$8,DB15<DC15,DB$8<>""),1,IF(AND(DB$8="",DC$8=""),0,0))))))))) -> 0 | DE15: 1 | DF15: 2 | DG15: =IF(AND(DE$8=DE15,DF$8=DF15,DE$8<>""),5,IF(AND(DE$8>DF14,DE15>DF15,(DE$8-DF$8)=(DE15-DF15),DE$8<>""),3,IF(AND(DE$8<DF$8,DE15<DF15,(DE$8-DF$8)=(DE15-DF15),DE$8<>""),3,IF(AND((DE$8-DF$8)=0,(DE15-DF15)=0,DE$8<>""),3,IF(AND(DE$8<DF$8,DE15>DF15),0,IF(AND(DE$8>DF$8,DE15<DF15),0,IF(AND(DE$8>DF$8,DE15>DF15,DE$8<>""),1,IF(AND(DE$8<DF$8,DE15<DF15,DE$8<>""),1,IF(AND(DE$8="",DF$8=""),0,0))))))))) -> 0 | DH15: 1 | DI15: 3 | DJ15: =IF(AND(DH$8=DH15,DI$8=DI15,DH$8<>""),5,IF(AND(DH$8>DI14,DH15>DI15,(DH$8-DI$8)=(DH15-DI15),DH$8<>""),3,IF(AND(DH$8<DI$8,DH15<DI15,(DH$8-DI$8)=(DH15-DI15),DH$8<>""),3,IF(AND((DH$8-DI$8)=0,(DH15-DI15)=0,DH$8<>""),3,IF(AND(DH$8<DI$8,DH15>DI15),0,IF(AND(DH$8>DI$8,DH15<DI15),0,IF(AND(DH$8>DI$8,DH15>DI15,DH$8<>""),1,IF(AND(DH$8<DI$8,DH15<DI15,DH$8<>""),1,IF(AND(DH$8="",DI$8=""),0,0))))))))) -> 0 | DK15: 1 | DL15: 2 | DM15: =IF(AND(DK$8=DK15,DL$8=DL15,DK$8<>""),5,IF(AND(DK$8>DL14,DK15>DL15,(DK$8-DL$8)=(DK15-DL15),DK$8<>""),3,IF(AND(DK$8<DL$8,DK15<DL15,(DK$8-DL$8)=(DK15-DL15),DK$8<>""),3,IF(AND((DK$8-DL$8)=0,(DK15-DL15)=0,DK$8<>""),3,IF(AND(DK$8<DL$8,DK15>DL15),0,IF(AND(DK$8>DL$8,DK15<DL15),0,IF(AND(DK$8>DL$8,DK15>DL15,DK$8<>""),1,IF(AND(DK$8<DL$8,DK15<DL15,DK$8<>""),1,IF(AND(DK$8="",DL$8=""),0,0))))))))) -> 0 | DN15: 1 | DO15: 3 | DP15: =IF(AND(DN$8=DN15,DO$8=DO15,DN$8<>""),5,IF(AND(DN$8>DO14,DN15>DO15,(DN$8-DO$8)=(DN15-DO15),DN$8<>""),3,IF(AND(DN$8<DO$8,DN15<DO15,(DN$8-DO$8)=(DN15-DO15),DN$8<>""),3,IF(AND((DN$8-DO$8)=0,(DN15-DO15)=0,DN$8<>""),3,IF(AND(DN$8<DO$8,DN15>DO15),0,IF(AND(DN$8>DO$8,DN15<DO15),0,IF(AND(DN$8>DO$8,DN15>DO15,DN$8<>""),1,IF(AND(DN$8<DO$8,DN15<DO15,DN$8<>""),1,IF(AND(DN$8="",DO$8=""),0,0))))))))) -> 0 | DQ15: 1 | DR15: 2 | DS15: =IF(AND(DQ$8=DQ15,DR$8=DR15,DQ$8<>""),5,IF(AND(DQ$8>DR14,DQ15>DR15,(DQ$8-DR$8)=(DQ15-DR15),DQ$8<>""),3,IF(AND(DQ$8<DR$8,DQ15<DR15,(DQ$8-DR$8)=(DQ15-DR15),DQ$8<>""),3,IF(AND((DQ$8-DR$8)=0,(DQ15-DR15)=0,DQ$8<>""),3,IF(AND(DQ$8<DR$8,DQ15>DR15),0,IF(AND(DQ$8>DR$8,DQ15<DR15),0,IF(AND(DQ$8>DR$8,DQ15>DR15,DQ$8<>""),1,IF(AND(DQ$8<DR$8,DQ15<DR15,DQ$8<>""),1,IF(AND(DQ$8="",DR$8=""),0,0))))))))) -> 0 | DT15: 1 | DU15: 3 | DV15: =IF(AND(DT$8=DT15,DU$8=DU15,DT$8<>""),5,IF(AND(DT$8>DU14,DT15>DU15,(DT$8-DU$8)=(DT15-DU15),DT$8<>""),3,IF(AND(DT$8<DU$8,DT15<DU15,(DT$8-DU$8)=(DT15-DU15),DT$8<>""),3,IF(AND((DT$8-DU$8)=0,(DT15-DU15)=0,DT$8<>""),3,IF(AND(DT$8<DU$8,DT15>DU15),0,IF(AND(DT$8>DU$8,DT15<DU15),0,IF(AND(DT$8>DU$8,DT15>DU15,DT$8<>""),1,IF(AND(DT$8<DU$8,DT15<DU15,DT$8<>""),1,IF(AND(DT$8="",DU$8=""),0,0))))))))) -> 0 | DW15: 0 | DX15: 3 | DY15: =IF(AND(DW$8=DW15,DX$8=DX15,DW$8<>""),5,IF(AND(DW$8>DX14,DW15>DX15,(DW$8-DX$8)=(DW15-DX15),DW$8<>""),3,IF(AND(DW$8<DX$8,DW15<DX15,(DW$8-DX$8)=(DW15-DX15),DW$8<>""),3,IF(AND((DW$8-DX$8)=0,(DW15-DX15)=0,DW$8<>""),3,IF(AND(DW$8<DX$8,DW15>DX15),0,IF(AND(DW$8>DX$8,DW15<DX15),0,IF(AND(DW$8>DX$8,DW15>DX15,DW$8<>""),1,IF(AND(DW$8<DX$8,DW15<DX15,DW$8<>""),1,IF(AND(DW$8="",DX$8=""),0,0))))))))) -> 0 | DZ15: 1 | EA15: 3 | EB15: =IF(AND(DZ$8=DZ15,EA$8=EA15,DZ$8<>""),5,IF(AND(DZ$8>EA14,DZ15>EA15,(DZ$8-EA$8)=(DZ15-EA15),DZ$8<>""),3,IF(AND(DZ$8<EA$8,DZ15<EA15,(DZ$8-EA$8)=(DZ15-EA15),DZ$8<>""),3,IF(AND((DZ$8-EA$8)=0,(DZ15-EA15)=0,DZ$8<>""),3,IF(AND(DZ$8<EA$8,DZ15>EA15),0,IF(AND(DZ$8>EA$8,DZ15<EA15),0,IF(AND(DZ$8>EA$8,DZ15>EA15,DZ$8<>""),1,IF(AND(DZ$8<EA$8,DZ15<EA15,DZ$8<>""),1,IF(AND(DZ$8="",EA$8=""),0,0))))))))) -> 0 | EC15: 2 | ED15: 3 | EE15: =IF(AND(EC$8=EC15,ED$8=ED15,EC$8<>""),5,IF(AND(EC$8>ED14,EC15>ED15,(EC$8-ED$8)=(EC15-ED15),EC$8<>""),3,IF(AND(EC$8<ED$8,EC15<ED15,(EC$8-ED$8)=(EC15-ED15),EC$8<>""),3,IF(AND((EC$8-ED$8)=0,(EC15-ED15)=0,EC$8<>""),3,IF(AND(EC$8<ED$8,EC15>ED15),0,IF(AND(EC$8>ED$8,EC15<ED15),0,IF(AND(EC$8>ED$8,EC15>ED15,EC$8<>""),1,IF(AND(EC$8<ED$8,EC15<ED15,EC$8<>""),1,IF(AND(EC$8="",ED$8=""),0,0))))))))) -> 0 | EF15: 1 | EG15: 1 | EH15: =IF(AND(EF$8=EF15,EG$8=EG15,EF$8<>""),5,IF(AND(EF$8>EG14,EF15>EG15,(EF$8-EG$8)=(EF15-EG15),EF$8<>""),3,IF(AND(EF$8<EG$8,EF15<EG15,(EF$8-EG$8)=(EF15-EG15),EF$8<>""),3,IF(AND((EF$8-EG$8)=0,(EF15-EG15)=0,EF$8<>""),3,IF(AND(EF$8<EG$8,EF15>EG15),0,IF(AND(EF$8>EG$8,EF15<EG15),0,IF(AND(EF$8>EG$8,EF15>EG15,EF$8<>""),1,IF(AND(EF$8<EG$8,EF15<EG15,EF$8<>""),1,IF(AND(EF$8="",EG$8=""),0,0))))))))) -> 0 | EI15: 0 | EJ15: 2 | EK15: =IF(AND(EI$8=EI15,EJ$8=EJ15,EI$8<>""),5,IF(AND(EI$8>EJ14,EI15>EJ15,(EI$8-EJ$8)=(EI15-EJ15),EI$8<>""),3,IF(AND(EI$8<EJ$8,EI15<EJ15,(EI$8-EJ$8)=(EI15-EJ15),EI$8<>""),3,IF(AND((EI$8-EJ$8)=0,(EI15-EJ15)=0,EI$8<>""),3,IF(AND(EI$8<EJ$8,EI15>EJ15),0,IF(AND(EI$8>EJ$8,EI15<EJ15),0,IF(AND(EI$8>EJ$8,EI15>EJ15,EI$8<>""),1,IF(AND(EI$8<EJ$8,EI15<EJ15,EI$8<>""),1,IF(AND(EI$8="",EJ$8=""),0,0))))))))) -> 0 | EL15: 1 | EM15: 4 | EN15: =IF(AND(EL$8=EL15,EM$8=EM15,EL$8<>""),5,IF(AND(EL$8>EM14,EL15>EM15,(EL$8-EM$8)=(EL15-EM15),EL$8<>""),3,IF(AND(EL$8<EM$8,EL15<EM15,(EL$8-EM$8)=(EL15-EM15),EL$8<>""),3,IF(AND((EL$8-EM$8)=0,(EL15-EM15)=0,EL$8<>""),3,IF(AND(EL$8<EM$8,EL15>EM15),0,IF(AND(EL$8>EM$8,EL15<EM15),0,IF(AND(EL$8>EM$8,EL15>EM15,EL$8<>""),1,IF(AND(EL$8<EM$8,EL15<EM15,EL$8<>""),1,IF(AND(EL$8="",EM$8=""),0,0))))))))) -> 0 | EO15: 2 | EP15: 2 | EQ15: =IF(AND(EO$8=EO15,EP$8=EP15,EO$8<>""),5,IF(AND(EO$8>EP14,EO15>EP15,(EO$8-EP$8)=(EO15-EP15),EO$8<>""),3,IF(AND(EO$8<EP$8,EO15<EP15,(EO$8-EP$8)=(EO15-EP15),EO$8<>""),3,IF(AND((EO$8-EP$8)=0,(EO15-EP15)=0,EO$8<>""),3,IF(AND(EO$8<EP$8,EO15>EP15),0,IF(AND(EO$8>EP$8,EO15<EP15),0,IF(AND(EO$8>EP$8,EO15>EP15,EO$8<>""),1,IF(AND(EO$8<EP$8,EO15<EP15,EO$8<>""),1,IF(AND(EO$8="",EP$8=""),0,0))))))))) -> 0 | ER15: =F15+I15+L15+O15+R15+U15+X15+AA15+AD15+AG15+AJ15+AM15+AP15+AS15+AV15+AY15+BB15+BE15+BH15+BK15+BN15+BQ15+BT15+BW15+BZ15+CC15+CF15+CI15+CL15+CO15+CR15+CU15+CX15+DA15+DD15+DG15+DJ15+DM15+DP15+DS15+DV15+DY15+EB15+EE15+EH15+EK15+EN15+EQ15 -> 23
A16: 8 | B16: YORLAN CHIRINO | C16: =ER16 -> 23 | D16: 1 | E16: 1 | F16: =IF(AND(D$8=D16,E$8=E16,D$8<>""),5,IF(AND(D$8>E$8,D16>E16,(D$8-E$8)=(D16-E16),D$8<>""),3,IF(AND(D$8<E$8,D16<E16,(E$8-D$8)=(E16-D16),D$8<>""),3,IF(AND((D$8-E$8)=0,(D16-E16)=0,D$8<>""),3,IF(AND(D$8<E$8,D16>E16),0,IF(AND(D$8>E$8,D16<E16),0,IF(AND(D$8>E$8,D16>E16,D$8<>""),1,IF(AND(D$8<E$8,D16<E16,D$8<>""),1,IF(AND(D$8="",E$8=""),0,0))))))))) -> 0 | G16: 1 | H16: 3 | I16: =IF(AND(G$8=G16,H$8=H16,G$8<>""),5,IF(AND(G$8>H$8,G16>H16,(G$8-H$8)=(G16-H16),G$8<>""),3,IF(AND(G$8<H$8,G16<H16,(H$8-G$8)=(H16-G16),G$8<>""),3,IF(AND((G$8-H$8)=0,(G16-H16)=0,G$8<>""),3,IF(AND(G$8<H$8,G16>H16),0,IF(AND(G$8>H$8,G16<H16),0,IF(AND(G$8>H$8,G16>H16,G$8<>""),1,IF(AND(G$8<H$8,G16<H16,G$8<>""),1,IF(AND(G$8="",H$8=""),0,0))))))))) -> 3 | J16: 4 | K16: 0 | L16: =IF(AND(J$8=J16,K$8=K16,J$8<>""),5,IF(AND(J$8>K$8,J16>K16,(J$8-K$8)=(J16-K16),J$8<>""),3,IF(AND(J$8<K$8,J16<K16,(K$8-J$8)=(K16-J16),J$8<>""),3,IF(AND((J$8-K$8)=0,(J16-K16)=0,J$8<>""),3,IF(AND(J$8<K$8,J16>K16),0,IF(AND(J$8>K$8,J16<K16),0,IF(AND(J$8>K$8,J16>K16,J$8<>""),1,IF(AND(J$8<K$8,J16<K16,J$8<>""),1,IF(AND(J$8="",K$8=""),0,0))))))))) -> 3 | M16: 2 | N16: 1 | O16: =IF(AND(M$8=M16,N$8=N16,M$8<>""),5,IF(AND(M$8>N$8,M16>N16,(M$8-N$8)=(M16-N16),M$8<>""),3,IF(AND(M$8<N$8,M16<N16,(N$8-M$8)=(N16-M16),M$8<>""),3,IF(AND((M$8-N$8)=0,(M16-N16)=0,M$8<>""),3,IF(AND(M$8<N$8,M16>N16),0,IF(AND(M$8>N$8,M16<N16),0,IF(AND(M$8>N$8,M16>N16,M$8<>""),1,IF(AND(M$8<N$8,M16<N16,M$8<>""),1,IF(AND(M$8="",N$8=""),0,0))))))))) -> 0 | P16: 4 | Q16: 0 | R16: =IF(AND(P$8=P16,Q$8=Q16,P$8<>""),5,IF(AND(P$8>Q$8,P16>Q16,(P$8-Q$8)=(P16-Q16),P$8<>""),3,IF(AND(P$8<Q$8,P16<Q16,(Q$8-P$8)=(Q16-P16),P$8<>""),3,IF(AND((P$8-Q$8)=0,(P16-Q16)=0,P$8<>""),3,IF(AND(P$8<Q$8,P16>Q16),0,IF(AND(P$8>Q$8,P16<Q16),0,IF(AND(P$8>Q$8,P16>Q16,P$8<>""),1,IF(AND(P$8<Q$8,P16<Q16,P$8<>""),1,IF(AND(P$8="",Q$8=""),0,0))))))))) -> 0 | S16: 1 | T16: 3 | U16: =IF(AND(S$8=S16,T$8=T16,S$8<>""),5,IF(AND(S$8>T$8,S16>T16,(S$8-T$8)=(S16-T16),S$8<>""),3,IF(AND(S$8<T$8,S16<T16,(T$8-S$8)=(T16-S16),S$8<>""),3,IF(AND((S$8-T$8)=0,(S16-T16)=0,S$8<>""),3,IF(AND(S$8<T$8,S16>T16),0,IF(AND(S$8>T$8,S16<T16),0,IF(AND(S$8>T$8,S16>T16,S$8<>""),1,IF(AND(S$8<T$8,S16<T16,S$8<>""),1,IF(AND(S$8="",T$8=""),0,0))))))))) -> 0 | V16: 3 | W16: 0 | X16: =IF(AND(V$8=V16,W$8=W16,V$8<>""),5,IF(AND(V$8>W$8,V16>W16,(V$8-W$8)=(V16-W16),V$8<>""),3,IF(AND(V$8<W$8,V16<W16,(W$8-V$8)=(W16-V16),V$8<>""),3,IF(AND((V$8-W$8)=0,(V16-W16)=0,V$8<>""),3,IF(AND(V$8<W$8,V16>W16),0,IF(AND(V$8>W$8,V16<W16),0,IF(AND(V$8>W$8,V16>W16,V$8<>""),1,IF(AND(V$8<W$8,V16<W16,V$8<>""),1,IF(AND(V$8="",W$8=""),0,0))))))))) -> 0 | Y16: 2 | Z16: 1 | AA16: =IF(AND(Y$8=Y16,Z$8=Z16,Y$8<>""),5,IF(AND(Y$8>Z$8,Y16>Z16,(Y$8-Z$8)=(Y16-Z16),Y$8<>""),3,IF(AND(Y$8<Z$8,Y16<Z16,(Z$8-Y$8)=(Z16-Y16),Y$8<>""),3,IF(AND((Y$8-Z$8)=0,(Y16-Z16)=0,Y$8<>""),3,IF(AND(Y$8<Z$8,Y16>Z16),0,IF(AND(Y$8>Z$8,Y16<Z16),0,IF(AND(Y$8>Z$8,Y16>Z16,Y$8<>""),1,IF(AND(Y$8<Z$8,Y16<Z16,Y$8<>""),1,IF(AND(Y$8="",Z$8=""),0,0))))))))) -> 1 | AB16: 4 | AC16: 1 | AD16: =IF(AND(AB$8=AB16,AC$8=AC16,AB$8<>""),5,IF(AND(AB$8>AC$8,AB16>AC16,(AB$8-AC$8)=(AB16-AC16),AB$8<>""),3,IF(AND(AB$8<AC$8,AB16<AC16,(AC$8-AB$8)=(AC16-AB16),AB$8<>""),3,IF(AND((AB$8-AC$8)=0,(AB16-AC16)=0,AB$8<>""),3,IF(AND(AB$8<AC$8,AB16>AC16),0,IF(AND(AB$8>AC$8,AB16<AC16),0,IF(AND(AB$8>AC$8,AB16>AC16,AB$8<>""),1,IF(AND(AB$8<AC$8,AB16<AC16,AB$8<>""),1,IF(AND(AB$8="",AC$8=""),0,0))))))))) -> 0 | AE16: 2 | AF16: 1 | AG16: =IF(AND(AE$8=AE16,AF$8=AF16,AE$8<>""),5,IF(AND(AE$8>AF$8,AE16>AF16,(AE$8-AF$8)=(AE16-AF16),AE$8<>""),3,IF(AND(AE$8<AF$8,AE16<AF16,(AE$8-AF$8)=(AE16-AF16),AE$8<>""),3,IF(AND((AE$8-AF$8)=0,(AE16-AF16)=0,AE$8<>""),3,IF(AND(AE$8<AF$8,AE16>AF16),0,IF(AND(AE$8>AF$8,AE16<AF16),0,IF(AND(AE$8>AF$8,AE16>AF16,AE$8<>""),1,IF(AND(AE$8<AF$8,AE16<AF16,AE$8<>""),1,IF(AND(AE$8="",AF$8=""),0,0))))))))) -> 1 | AH16: 0 | AI16: 2 | AJ16: =IF(AND(AH$8=AH16,AI$8=AI16,AH$8<>""),5,IF(AND(AH$8>AI$8,AH16>AI16,(AH$8-AI$8)=(AH16-AI16),AH$8<>""),3,IF(AND(AH$8<AI$8,AH16<AI16,(AH$8-AI$8)=(AH16-AI16),AH$8<>""),3,IF(AND((AH$8-AI$8)=0,(AH16-AI16)=0,AH$8<>""),3,IF(AND(AH$8<AI$8,AH16>AI16),0,IF(AND(AH$8>AI$8,AH16<AI16),0,IF(AND(AH$8>AI$8,AH16>AI16,AH$8<>""),1,IF(AND(AH$8<AI$8,AH16<AI16,AH$8<>""),1,IF(AND(AH$8="",AI$8=""),0,0))))))))) -> 0 | AK16: 2 | AL16: 1 | AM16: =IF(AND(AK$8=AK16,AL$8=AL16,AK$8<>""),5,IF(AND(AK$8>AL$8,AK16>AL16,(AK$8-AL$8)=(AK16-AL16),AK$8<>""),3,IF(AND(AK$8<AL$8,AK16<AL16,(AK$8-AL$8)=(AK16-AL16),AK$8<>""),3,IF(AND((AK$8-AL$8)=0,(AK16-AL16)=0,AK$8<>""),3,IF(AND(AK$8<AL$8,AK16>AL16),0,IF(AND(AK$8>AL$8,AK16<AL16),0,IF(AND(AK$8>AL$8,AK16>AL16,AK$8<>""),1,IF(AND(AK$8<AL$8,AK16<AL16,AK$8<>""),1,IF(AND(AK$8="",AL$8=""),0,0))))))))) -> 3 | AN16: 2 | AO16: 1 | AP16: =IF(AND(AN$8=AN16,AO$8=AO16,AN$8<>""),5,IF(AND(AN$8>AO$8,AN16>AO16,(AN$8-AO$8)=(AN16-AO16),AN$8<>""),3,IF(AND(AN$8<AO$8,AN16<AO16,(AN$8-AO$8)=(AN16-AO16),AN$8<>""),3,IF(AND((AN$8-AO$8)=0,(AN16-AO16)=0,AN$8<>""),3,IF(AND(AN$8<AO$8,AN16>AO16),0,IF(AND(AN$8>AO$8,AN16<AO16),0,IF(AND(AN$8>AO$8,AN16>AO16,AN$8<>""),1,IF(AND(AN$8<AO$8,AN16<AO16,AN$8<>""),1,IF(AND(AN$8="",AO$8=""),0,0))))))))) -> 3 | AQ16: 3 | AR16: 1 | AS16: =IF(AND(AQ$8=AQ16,AR$8=AR16,AQ$8<>""),5,IF(AND(AQ$8>AR15,AQ16>AR16,(AQ$8-AR$8)=(AQ16-AR16),AQ$8<>""),3,IF(AND(AQ$8<AR$8,AQ16<AR16,(AQ$8-AR$8)=(AQ16-AR16),AQ$8<>""),3,IF(AND((AQ$8-AR$8)=0,(AQ16-AR16)=0,AQ$8<>""),3,IF(AND(AQ$8<AR$8,AQ16>AR16),0,IF(AND(AQ$8>AR$8,AQ16<AR16),0,IF(AND(AQ$8>AR$8,AQ16>AR16,AQ$8<>""),1,IF(AND(AQ$8<AR$8,AQ16<AR16,AQ$8<>""),1,IF(AND(AQ$8="",AR$8=""),0,0))))))))) -> 3 | AT16: 3 | AU16: 0 | AV16: =IF(AND(AT$8=AT16,AU$8=AU16,AT$8<>""),5,IF(AND(AT$8>AU15,AT16>AU16,(AT$8-AU$8)=(AT16-AU16),AT$8<>""),3,IF(AND(AT$8<AU$8,AT16<AU16,(AT$8-AU$8)=(AT16-AU16),AT$8<>""),3,IF(AND((AT$8-AU$8)=0,(AT16-AU16)=0,AT$8<>""),3,IF(AND(AT$8<AU$8,AT16>AU16),0,IF(AND(AT$8>AU$8,AT16<AU16),0,IF(AND(AT$8>AU$8,AT16>AU16,AT$8<>""),1,IF(AND(AT$8<AU$8,AT16<AU16,AT$8<>""),1,IF(AND(AT$8="",AU$8=""),0,0))))))))) -> 0 | AW16: 2 | AX16: 1 | AY16: =IF(AND(AW$8=AW16,AX$8=AX16,AW$8<>""),5,IF(AND(AW$8>AX15,AW16>AX16,(AW$8-AX$8)=(AW16-AX16),AW$8<>""),3,IF(AND(AW$8<AX$8,AW16<AX16,(AW$8-AX$8)=(AW16-AX16),AW$8<>""),3,IF(AND((AW$8-AX$8)=0,(AW16-AX16)=0,AW$8<>""),3,IF(AND(AW$8<AX$8,AW16>AX16),0,IF(AND(AW$8>AX$8,AW16<AX16),0,IF(AND(AW$8>AX$8,AW16>AX16,AW$8<>""),1,IF(AND(AW$8<AX$8,AW16<AX16,AW$8<>""),1,IF(AND(AW$8="",AX$8=""),0,0))))))))) -> 3 | AZ16: 1 | BA16: 2 | BB16: =IF(AND(AZ$8=AZ16,BA$8=BA16,AZ$8<>""),5,IF(AND(AZ$8>BA15,AZ16>BA16,(AZ$8-BA$8)=(AZ16-BA16),AZ$8<>""),3,IF(AND(AZ$8<BA$8,AZ16<BA16,(AZ$8-BA$8)=(AZ16-BA16),AZ$8<>""),3,IF(AND((AZ$8-BA$8)=0,(AZ16-BA16)=0,AZ$8<>""),3,IF(AND(AZ$8<BA$8,AZ16>BA16),0,IF(AND(AZ$8>BA$8,AZ16<BA16),0,IF(AND(AZ$8>BA$8,AZ16>BA16,AZ$8<>""),1,IF(AND(AZ$8<BA$8,AZ16<BA16,AZ$8<>""),1,IF(AND(AZ$8="",BA$8=""),0,0))))))))) -> 3 | BC16: 4 | BD16: 2 | BE16: =IF(AND(BC$8=BC16,BD$8=BD16,BC$8<>""),5,IF(AND(BC$8>BD15,BC16>BD16,(BC$8-BD$8)=(BC16-BD16),BC$8<>""),3,IF(AND(BC$8<BD$8,BC16<BD16,(BC$8-BD$8)=(BC16-BD16),BC$8<>""),3,IF(AND((BC$8-BD$8)=0,(BC16-BD16)=0,BC$8<>""),3,IF(AND(BC$8<BD$8,BC16>BD16),0,IF(AND(BC$8>BD$8,BC16<BD16),0,IF(AND(BC$8>BD$8,BC16>BD16,BC$8<>""),1,IF(AND(BC$8<BD$8,BC16<BD16,BC$8<>""),1,IF(AND(BC$8="",BD$8=""),0,0))))))))) -> 0 | BF16: 3 | BG16: 1 | BH16: =IF(AND(BF$8=BF16,BG$8=BG16,BF$8<>""),5,IF(AND(BF$8>BG15,BF16>BG16,(BF$8-BG$8)=(BF16-BG16),BF$8<>""),3,IF(AND(BF$8<BG$8,BF16<BG16,(BF$8-BG$8)=(BF16-BG16),BF$8<>""),3,IF(AND((BF$8-BG$8)=0,(BF16-BG16)=0,BF$8<>""),3,IF(AND(BF$8<BG$8,BF16>BG16),0,IF(AND(BF$8>BG$8,BF16<BG16),0,IF(AND(BF$8>BG$8,BF16>BG16,BF$8<>""),1,IF(AND(BF$8<BG$8,BF16<BG16,BF$8<>""),1,IF(AND(BF$8="",BG$8=""),0,0))))))))) -> 0 | BI16: 2 | BJ16: 1 | BK16: =IF(AND(BI$8=BI16,BJ$8=BJ16,BI$8<>""),5,IF(AND(BI$8>BJ15,BI16>BJ16,(BI$8-BJ$8)=(BI16-BJ16),BI$8<>""),3,IF(AND(BI$8<BJ$8,BI16<BJ16,(BI$8-BJ$8)=(BI16-BJ16),BI$8<>""),3,IF(AND((BI$8-BJ$8)=0,(BI16-BJ16)=0,BI$8<>""),3,IF(AND(BI$8<BJ$8,BI16>BJ16),0,IF(AND(BI$8>BJ$8,BI16<BJ16),0,IF(AND(BI$8>BJ$8,BI16>BJ16,BI$8<>""),1,IF(AND(BI$8<BJ$8,BI16<BJ16,BI$8<>""),1,IF(AND(BI$8="",BJ$8=""),0,0))))))))) -> 0 | BL16: 3 | BM16: 0 | BN16: =IF(AND(BL$8=BL16,BM$8=BM16,BL$8<>""),5,IF(AND(BL$8>BM15,BL16>BM16,(BL$8-BM$8)=(BL16-BM16),BL$8<>""),3,IF(AND(BL$8<BM$8,BL16<BM16,(BL$8-BM$8)=(BL16-BM16),BL$8<>""),3,IF(AND((BM$8-BL$8)=0,(BL16-BM16)=0,BL$8<>""),3,IF(AND(BL$8<BM$8,BL16>BM16),0,IF(AND(BL$8>BM$8,BL16<BM16),0,IF(AND(BL$8>BM$8,BL16>BM16,BL$8<>""),1,IF(AND(BL$8<BM$8,BL16<BM16,BL$8<>""),1,IF(AND(BL$8="",BM$8=""),0,0))))))))) -> 0 | BO16: 3 | BP16: 1 | BQ16: =IF(AND(BO$8=BO16,BP$8=BP16,BO$8<>""),5,IF(AND(BO$8>BP15,BO16>BP16,(BO$8-BP$8)=(BO16-BP16),BO$8<>""),3,IF(AND(BO$8<BP$8,BO16<BP16,(BO$8-BP$8)=(BO16-BP16),BO$8<>""),3,IF(AND((BO$8-BP$8)=0,(BO16-BP16)=0,BO$8<>""),3,IF(AND(BO$8<BP$8,BO16>BP16),0,IF(AND(BO$8>BP$8,BO16<BP16),0,IF(AND(BO$8>BP$8,BO16>BP16,BO$8<>""),1,IF(AND(BO$8<BP$8,BO16<BP16,BO$8<>""),1,IF(AND(BO$8="",BP$8=""),0,0))))))))) -> 0 | BR16: 1 | BS16: 2 | BT16: =IF(AND(BR$8=BR16,BS$8=BS16,BR$8<>""),5,IF(AND(BR$8>BS15,BR16>BS16,(BR$8-BS$8)=(BR16-BS16),BR$8<>""),3,IF(AND(BR$8<BS$8,BR16<BS16,(BR$8-BS$8)=(BR16-BS16),BR$8<>""),3,IF(AND((BR$8-BS$8)=0,(BR16-BS16)=0,BR$8<>""),3,IF(AND(BR$8<BS$8,BR16>BS16),0,IF(AND(BR$8>BS$8,BR16<BS16),0,IF(AND(BR$8>BS$8,BR16>BS16,BR$8<>""),1,IF(AND(BR$8<BS$8,BR16<BS16,BR$8<>""),1,IF(AND(BR$8="",BS$8=""),0,0))))))))) -> 0 | BU16: 3 | BV16: 2 | BW16: =IF(AND(BU$8=BU16,BV$8=BV16,BU$8<>""),5,IF(AND(BU$8>BV15,BU16>BV16,(BU$8-BV$8)=(BU16-BV16),BU$8<>""),3,IF(AND(BU$8<BV$8,BU16<BV16,(BU$8-BV$8)=(BU16-BV16),BU$8<>""),3,IF(AND((BU$8-BV$8)=0,(BU16-BV16)=0,BU$8<>""),3,IF(AND(BU$8<BV$8,BU16>BV16),0,IF(AND(BU$8>BV$8,BU16<BV16),0,IF(AND(BU$8>BV$8,BU16>BV16,BU$8<>""),1,IF(AND(BU$8<BV$8,BU16<BV16,BU$8<>""),1,IF(AND(BU$8="",BV$8=""),0,0))))))))) -> 0 | BX16: 0 | BY16: 1 | BZ16: =IF(AND(BX$8=BX16,BY$8=BY16,BX$8<>""),5,IF(AND(BX$8>BY15,BX16>BY16,(BX$8-BY$8)=(BX16-BY16),BX$8<>""),3,IF(AND(BX$8<BY$8,BX16<BY16,(BX$8-BY$8)=(BX16-BY16),BX$8<>""),3,IF(AND((BX$8-BY$8)=0,(BX16-BY16)=0,BX$8<>""),3,IF(AND(BX$8<BY$8,BX16>BY16),0,IF(AND(BX$8>BY$8,BX16<BY16),0,IF(AND(BX$8>BY$8,BX16>BY16,BX$8<>""),1,IF(AND(BX$8<BY$8,BX16<BY16,BX$8<>""),1,IF(AND(BX$8="",BY$8=""),0,0))))))))) -> 0 | CA16: 2 | CB16: 3 | CC16: =IF(AND(CA$8=CA16,CB$8=CB16,CA$8<>""),5,IF(AND(CA$8>CB15,CA16>CB16,(CA$8-CB$8)=(CA16-CB16),CA$8<>""),3,IF(AND(CA$8<CB$8,CA16<CB16,(CA$8-CB$8)=(CA16-CB16),CA$8<>""),3,IF(AND((CA$8-CB$8)=0,(CA16-CB16)=0,CA$8<>""),3,IF(AND(CA$8<CB$8,CA16>CB16),0,IF(AND(CA$8>CB$8,CA16<CB16),0,IF(AND(CA$8>CB$8,CA16>CB16,CA$8<>""),1,IF(AND(CA$8<CB$8,CA16<CB16,CA$8<>""),1,IF(AND(CA$8="",CB$8=""),0,0))))))))) -> 0 | CD16: 2 | CE16: 1 | CF16: =IF(AND(CD$8=CD16,CE$8=CE16,CD$8<>""),5,IF(AND(CD$8>CE15,CD16>CE16,(CD$8-CE$8)=(CD16-CE16),CD$8<>""),3,IF(AND(CD$8<CE$8,CD16<CE16,(CD$8-CE$8)=(CD16-CE16),CD$8<>""),3,IF(AND((CD$8-CE$8)=0,(CD16-CE16)=0,CD$8<>""),3,IF(AND(CD$8<CE$8,CD16>CE16),0,IF(AND(CD$8>CE$8,CD16<CE16),0,IF(AND(CD$8>CE$8,CD16>CE16,CD$8<>""),1,IF(AND(CD$8<CE$8,CD16<CE16,CD$8<>""),1,IF(AND(CD$8="",CE$8=""),0,0))))))))) -> 0 | CG16: 3 | CH16: 2 | CI16: =IF(AND(CG$8=CG16,CH$8=CH16,CG$8<>""),5,IF(AND(CG$8>CH15,CG16>CH16,(CG$8-CH$8)=(CG16-CH16),CG$8<>""),3,IF(AND(CG$8<CH$8,CG16<CH16,(CG$8-CH$8)=(CG16-CH16),CG$8<>""),3,IF(AND((CG$8-CH$8)=0,(CG16-CH16)=0,CG$8<>""),3,IF(AND(CG$8<CH$8,CG16>CH16),0,IF(AND(CG$8>CH$8,CG16<CH16),0,IF(AND(CG$8>CH$8,CG16>CH16,CG$8<>""),1,IF(AND(CG$8<CH$8,CG16<CH16,CG$8<>""),1,IF(AND(CG$8="",CH$8=""),0,0))))))))) -> 0 | CJ16: 1 | CK16: 1 | CL16: =IF(AND(CJ$8=CJ16,CK$8=CK16,CJ$8<>""),5,IF(AND(CJ$8>CK15,CJ16>CK16,(CJ$8-CK$8)=(CJ16-CK16),CJ$8<>""),3,IF(AND(CJ$8<CK$8,CJ16<CK16,(CJ$8-CK$8)=(CJ16-CK16),CJ$8<>""),3,IF(AND((CJ$8-CK$8)=0,(CJ16-CK16)=0,CJ$8<>""),3,IF(AND(CJ$8<CK$8,CJ16>CK16),0,IF(AND(CJ$8>CK$8,CJ16<CK16),0,IF(AND(CJ$8>CK$8,CJ16>CK16,CJ$8<>""),1,IF(AND(CJ$8<CK$8,CJ16<CK16,CJ$8<>""),1,IF(AND(CJ$8="",CK$8=""),0,0))))))))) -> 0 | CM16: 3 | CN16: 1 | CO16: =IF(AND(CM$8=CM16,CN$8=CN16,CM$8<>""),5,IF(AND(CM$8>CN15,CM16>CN16,(CM$8-CN$8)=(CM16-CN16),CM$8<>""),3,IF(AND(CM$8<CN$8,CM16<CN16,(CM$8-CN$8)=(CM16-CN16),CM$8<>""),3,IF(AND((CM$8-CN$8)=0,(CM16-CN16)=0,CM$8<>""),3,IF(AND(CM$8<CN$8,CM16>CN16),0,IF(AND(CM$8>CN$8,CM16<CN16),0,IF(AND(CM$8>CN$8,CM16>CN16,CM$8<>""),1,IF(AND(CM$8<CN$8,CM16<CN16,CM$8<>""),1,IF(AND(CM$8="",CN$8=""),0,0))))))))) -> 0 | CP16: 1 | CQ16: 2 | CR16: =IF(AND(CP$8=CP16,CQ$8=CQ16,CP$8<>""),5,IF(AND(CP$8>CQ15,CP16>CQ16,(CP$8-CQ$8)=(CP16-CQ16),CP$8<>""),3,IF(AND(CP$8<CQ$8,CP16<CQ16,(CP$8-CQ$8)=(CP16-CQ16),CP$8<>""),3,IF(AND((CP$8-CQ$8)=0,(CP16-CQ16)=0,CP$8<>""),3,IF(AND(CP$8<CQ$8,CP16>CQ16),0,IF(AND(CP$8>CQ$8,CP16<CQ16),0,IF(AND(CP$8>CQ$8,CP16>CQ16,CP$8<>""),1,IF(AND(CP$8<CQ$8,CP16<CQ16,CP$8<>""),1,IF(AND(CP$8="",CQ$8=""),0,0))))))))) -> 0 | CS16: 2 | CT16: 3 | CU16: =IF(AND(CS$8=CS16,CT$8=CT16,CS$8<>""),5,IF(AND(CS$8>CT15,CS16>CT16,(CS$8-CT$8)=(CS16-CT16),CS$8<>""),3,IF(AND(CS$8<CT$8,CS16<CT16,(CS$8-CT$8)=(CS16-CT16),CS$8<>""),3,IF(AND((CS$8-CT$8)=0,(CS16-CT16)=0,CS$8<>""),3,IF(AND(CS$8<CT$8,CS16>CT16),0,IF(AND(CS$8>CT$8,CS16<CT16),0,IF(AND(CS$8>CT$8,CS16>CT16,CS$8<>""),1,IF(AND(CS$8<CT$8,CS16<CT16,CS$8<>""),1,IF(AND(CS$8="",CT$8=""),0,0))))))))) -> 0 | CV16: 2 | CW16: 2 | CX16: =IF(AND(CV$8=CV16,CW$8=CW16,CV$8<>""),5,IF(AND(CV$8>CW15,CV16>CW16,(CV$8-CW$8)=(CV16-CW16),CV$8<>""),3,IF(AND(CV$8<CW$8,CV16<CW16,(CV$8-CW$8)=(CV16-CW16),CV$8<>""),3,IF(AND((CV$8-CW$8)=0,(CV16-CW16)=0,CV$8<>""),3,IF(AND(CV$8<CW$8,CV16>CW16),0,IF(AND(CV$8>CW$8,CV16<CW16),0,IF(AND(CV$8>CW$8,CV16>CW16,CV$8<>""),1,IF(AND(CV$8<CW$8,CV16<CW16,CV$8<>""),1,IF(AND(CV$8="",CW$8=""),0,0))))))))) -> 0 | CY16: 4 | CZ16: 0 | DA16: =IF(AND(CY$8=CY16,CZ$8=CZ16,CY$8<>""),5,IF(AND(CY$8>CZ15,CY16>CZ16,(CY$8-CZ$8)=(CY16-CZ16),CY$8<>""),3,IF(AND(CY$8<CZ$8,CY16<CZ16,(CY$8-CZ$8)=(CY16-CZ16),CY$8<>""),3,IF(AND((CY$8-CZ$8)=0,(CY16-CZ16)=0,CY$8<>""),3,IF(AND(CY$8<CZ$8,CY16>CZ16),0,IF(AND(CY$8>CZ$8,CY16<CZ16),0,IF(AND(CY$8>CZ$8,CY16>CZ16,CY$8<>""),1,IF(AND(CY$8<CZ$8,CY16<CZ16,CY$8<>""),1,IF(AND(CY$8="",CZ$8=""),0,0))))))))) -> 0 | DB16: 1 | DC16: 3 | DD16: =IF(AND(DB$8=DB16,DC$8=DC16,DB$8<>""),5,IF(AND(DB$8>DC15,DB16>DC16,(DB$8-DC$8)=(DB16-DC16),DB$8<>""),3,IF(AND(DB$8<DC$8,DB16<DC16,(DB$8-DC$8)=(DB16-DC16),DB$8<>""),3,IF(AND((DB$8-DC$8)=0,(DB16-DC16)=0,DB$8<>""),3,IF(AND(DB$8<DC$8,DB16>DC16),0,IF(AND(DB$8>DC$8,DB16<DC16),0,IF(AND(DB$8>DC$8,DB16>DC16,DB$8<>""),1,IF(AND(DB$8<DC$8,DB16<DC16,DB$8<>""),1,IF(AND(DB$8="",DC$8=""),0,0))))))))) -> 0 | DE16: 1 | DF16: 2 | DG16: =IF(AND(DE$8=DE16,DF$8=DF16,DE$8<>""),5,IF(AND(DE$8>DF15,DE16>DF16,(DE$8-DF$8)=(DE16-DF16),DE$8<>""),3,IF(AND(DE$8<DF$8,DE16<DF16,(DE$8-DF$8)=(DE16-DF16),DE$8<>""),3,IF(AND((DE$8-DF$8)=0,(DE16-DF16)=0,DE$8<>""),3,IF(AND(DE$8<DF$8,DE16>DF16),0,IF(AND(DE$8>DF$8,DE16<DF16),0,IF(AND(DE$8>DF$8,DE16>DF16,DE$8<>""),1,IF(AND(DE$8<DF$8,DE16<DF16,DE$8<>""),1,IF(AND(DE$8="",DF$8=""),0,0))))))))) -> 0 | DH16: 1 | DI16: 2 | DJ16: =IF(AND(DH$8=DH16,DI$8=DI16,DH$8<>""),5,IF(AND(DH$8>DI15,DH16>DI16,(DH$8-DI$8)=(DH16-DI16),DH$8<>""),3,IF(AND(DH$8<DI$8,DH16<DI16,(DH$8-DI$8)=(DH16-DI16),DH$8<>""),3,IF(AND((DH$8-DI$8)=0,(DH16-DI16)=0,DH$8<>""),3,IF(AND(DH$8<DI$8,DH16>DI16),0,IF(AND(DH$8>DI$8,DH16<DI16),0,IF(AND(DH$8>DI$8,DH16>DI16,DH$8<>""),1,IF(AND(DH$8<DI$8,DH16<DI16,DH$8<>""),1,IF(AND(DH$8="",DI$8=""),0,0))))))))) -> 0 | DK16: 1 | DL16: 2 | DM16: =IF(AND(DK$8=DK16,DL$8=DL16,DK$8<>""),5,IF(AND(DK$8>DL15,DK16>DL16,(DK$8-DL$8)=(DK16-DL16),DK$8<>""),3,IF(AND(DK$8<DL$8,DK16<DL16,(DK$8-DL$8)=(DK16-DL16),DK$8<>""),3,IF(AND((DK$8-DL$8)=0,(DK16-DL16)=0,DK$8<>""),3,IF(AND(DK$8<DL$8,DK16>DL16),0,IF(AND(DK$8>DL$8,DK16<DL16),0,IF(AND(DK$8>DL$8,DK16>DL16,DK$8<>""),1,IF(AND(DK$8<DL$8,DK16<DL16,DK$8<>""),1,IF(AND(DK$8="",DL$8=""),0,0))))))))) -> 0 | DN16: 0 | DO16: 4 | DP16: =IF(AND(DN$8=DN16,DO$8=DO16,DN$8<>""),5,IF(AND(DN$8>DO15,DN16>DO16,(DN$8-DO$8)=(DN16-DO16),DN$8<>""),3,IF(AND(DN$8<DO$8,DN16<DO16,(DN$8-DO$8)=(DN16-DO16),DN$8<>""),3,IF(AND((DN$8-DO$8)=0,(DN16-DO16)=0,DN$8<>""),3,IF(AND(DN$8<DO$8,DN16>DO16),0,IF(AND(DN$8>DO$8,DN16<DO16),0,IF(AND(DN$8>DO$8,DN16>DO16,DN$8<>""),1,IF(AND(DN$8<DO$8,DN16<DO16,DN$8<>""),1,IF(AND(DN$8="",DO$8=""),0,0))))))))) -> 0 | DQ16: 0 | DR16: 2 | DS16: =IF(AND(DQ$8=DQ16,DR$8=DR16,DQ$8<>""),5,IF(AND(DQ$8>DR15,DQ16>DR16,(DQ$8-DR$8)=(DQ16-DR16),DQ$8<>""),3,IF(AND(DQ$8<DR$8,DQ16<DR16,(DQ$8-DR$8)=(DQ16-DR16),DQ$8<>""),3,IF(AND((DQ$8-DR$8)=0,(DQ16-DR16)=0,DQ$8<>""),3,IF(AND(DQ$8<DR$8,DQ16>DR16),0,IF(AND(DQ$8>DR$8,DQ16<DR16),0,IF(AND(DQ$8>DR$8,DQ16>DR16,DQ$8<>""),1,IF(AND(DQ$8<DR$8,DQ16<DR16,DQ$8<>""),1,IF(AND(DQ$8="",DR$8=""),0,0))))))))) -> 0 | DT16: 1 | DU16: 2 | DV16: =IF(AND(DT$8=DT16,DU$8=DU16,DT$8<>""),5,IF(AND(DT$8>DU15,DT16>DU16,(DT$8-DU$8)=(DT16-DU16),DT$8<>""),3,IF(AND(DT$8<DU$8,DT16<DU16,(DT$8-DU$8)=(DT16-DU16),DT$8<>""),3,IF(AND((DT$8-DU$8)=0,(DT16-DU16)=0,DT$8<>""),3,IF(AND(DT$8<DU$8,DT16>DU16),0,IF(AND(DT$8>DU$8,DT16<DU16),0,IF(AND(DT$8>DU$8,DT16>DU16,DT$8<>""),1,IF(AND(DT$8<DU$8,DT16<DU16,DT$8<>""),1,IF(AND(DT$8="",DU$8=""),0,0))))))))) -> 0 | DW16: 0 | DX16: 3 | DY16: =IF(AND(DW$8=DW16,DX$8=DX16,DW$8<>""),5,IF(AND(DW$8>DX15,DW16>DX16,(DW$8-DX$8)=(DW16-DX16),DW$8<>""),3,IF(AND(DW$8<DX$8,DW16<DX16,(DW$8-DX$8)=(DW16-DX16),DW$8<>""),3,IF(AND((DW$8-DX$8)=0,(DW16-DX16)=0,DW$8<>""),3,IF(AND(DW$8<DX$8,DW16>DX16),0,IF(AND(DW$8>DX$8,DW16<DX16),0,IF(AND(DW$8>DX$8,DW16>DX16,DW$8<>""),1,IF(AND(DW$8<DX$8,DW16<DX16,DW$8<>""),1,IF(AND(DW$8="",DX$8=""),0,0))))))))) -> 0 | DZ16: 1 | EA16: 1 | EB16: =IF(AND(DZ$8=DZ16,EA$8=EA16,DZ$8<>""),5,IF(AND(DZ$8>EA15,DZ16>EA16,(DZ$8-EA$8)=(DZ16-EA16),DZ$8<>""),3,IF(AND(DZ$8<EA$8,DZ16<EA16,(DZ$8-EA$8)=(DZ16-EA16),DZ$8<>""),3,IF(AND((DZ$8-EA$8)=0,(DZ16-EA16)=0,DZ$8<>""),3,IF(AND(DZ$8<EA$8,DZ16>EA16),0,IF(AND(DZ$8>EA$8,DZ16<EA16),0,IF(AND(DZ$8>EA$8,DZ16>EA16,DZ$8<>""),1,IF(AND(DZ$8<EA$8,DZ16<EA16,DZ$8<>""),1,IF(AND(DZ$8="",EA$8=""),0,0))))))))) -> 0 | EC16: 2 | ED16: 1 | EE16: =IF(AND(EC$8=EC16,ED$8=ED16,EC$8<>""),5,IF(AND(EC$8>ED15,EC16>ED16,(EC$8-ED$8)=(EC16-ED16),EC$8<>""),3,IF(AND(EC$8<ED$8,EC16<ED16,(EC$8-ED$8)=(EC16-ED16),EC$8<>""),3,IF(AND((EC$8-ED$8)=0,(EC16-ED16)=0,EC$8<>""),3,IF(AND(EC$8<ED$8,EC16>ED16),0,IF(AND(EC$8>ED$8,EC16<ED16),0,IF(AND(EC$8>ED$8,EC16>ED16,EC$8<>""),1,IF(AND(EC$8<ED$8,EC16<ED16,EC$8<>""),1,IF(AND(EC$8="",ED$8=""),0,0))))))))) -> 0 | EF16: 1 | EG16: 2 | EH16: =IF(AND(EF$8=EF16,EG$8=EG16,EF$8<>""),5,IF(AND(EF$8>EG15,EF16>EG16,(EF$8-EG$8)=(EF16-EG16),EF$8<>""),3,IF(AND(EF$8<EG$8,EF16<EG16,(EF$8-EG$8)=(EF16-EG16),EF$8<>""),3,IF(AND((EF$8-EG$8)=0,(EF16-EG16)=0,EF$8<>""),3,IF(AND(EF$8<EG$8,EF16>EG16),0,IF(AND(EF$8>EG$8,EF16<EG16),0,IF(AND(EF$8>EG$8,EF16>EG16,EF$8<>""),1,IF(AND(EF$8<EG$8,EF16<EG16,EF$8<>""),1,IF(AND(EF$8="",EG$8=""),0,0))))))))) -> 0 | EI16: 1 | EJ16: 4 | EK16: =IF(AND(EI$8=EI16,EJ$8=EJ16,EI$8<>""),5,IF(AND(EI$8>EJ15,EI16>EJ16,(EI$8-EJ$8)=(EI16-EJ16),EI$8<>""),3,IF(AND(EI$8<EJ$8,EI16<EJ16,(EI$8-EJ$8)=(EI16-EJ16),EI$8<>""),3,IF(AND((EI$8-EJ$8)=0,(EI16-EJ16)=0,EI$8<>""),3,IF(AND(EI$8<EJ$8,EI16>EJ16),0,IF(AND(EI$8>EJ$8,EI16<EJ16),0,IF(AND(EI$8>EJ$8,EI16>EJ16,EI$8<>""),1,IF(AND(EI$8<EJ$8,EI16<EJ16,EI$8<>""),1,IF(AND(EI$8="",EJ$8=""),0,0))))))))) -> 0 | EL16: 0 | EM16: 3 | EN16: =IF(AND(EL$8=EL16,EM$8=EM16,EL$8<>""),5,IF(AND(EL$8>EM15,EL16>EM16,(EL$8-EM$8)=(EL16-EM16),EL$8<>""),3,IF(AND(EL$8<EM$8,EL16<EM16,(EL$8-EM$8)=(EL16-EM16),EL$8<>""),3,IF(AND((EL$8-EM$8)=0,(EL16-EM16)=0,EL$8<>""),3,IF(AND(EL$8<EM$8,EL16>EM16),0,IF(AND(EL$8>EM$8,EL16<EM16),0,IF(AND(EL$8>EM$8,EL16>EM16,EL$8<>""),1,IF(AND(EL$8<EM$8,EL16<EM16,EL$8<>""),1,IF(AND(EL$8="",EM$8=""),0,0))))))))) -> 0 | EO16: 1 | EP16: 2 | EQ16: =IF(AND(EO$8=EO16,EP$8=EP16,EO$8<>""),5,IF(AND(EO$8>EP15,EO16>EP16,(EO$8-EP$8)=(EO16-EP16),EO$8<>""),3,IF(AND(EO$8<EP$8,EO16<EP16,(EO$8-EP$8)=(EO16-EP16),EO$8<>""),3,IF(AND((EO$8-EP$8)=0,(EO16-EP16)=0,EO$8<>""),3,IF(AND(EO$8<EP$8,EO16>EP16),0,IF(AND(EO$8>EP$8,EO16<EP16),0,IF(AND(EO$8>EP$8,EO16>EP16,EO$8<>""),1,IF(AND(EO$8<EP$8,EO16<EP16,EO$8<>""),1,IF(AND(EO$8="",EP$8=""),0,0))))))))) -> 0 | ER16: =F16+I16+L16+O16+R16+U16+X16+AA16+AD16+AG16+AJ16+AM16+AP16+AS16+AV16+AY16+BB16+BE16+BH16+BK16+BN16+BQ16+BT16+BW16+BZ16+CC16+CF16+CI16+CL16+CO16+CR16+CU16+CX16+DA16+DD16+DG16+DJ16+DM16+DP16+DS16+DV16+DY16+EB16+EE16+EH16+EK16+EN16+EQ16 -> 23
